Nome Attività,Categoria,Sito Web,Telefono,Indirizzo,Comune,Provincia,Email,Protocollo,Tecnologia,Cookie Banner,Hosting Provider,Mobile Performance,Desktop Performance,Punteggio SEO,Disponibilità Sito,Stato Manutenzione
Alizzi Centro Estetico,Centro estetico,,351 601 8974,"Via Luigi Corvaglia, 20",Lecce,,,,,,,,,,,
L’Angolo della Venere di Domenica Di Nunzio e Anna Di Nunzio,Centro salute e bellezza,,0884 900067,"Via S. Cirillo, 68",Carpino,,,,,,,,,,,
Oleificio Sio S.p.A,Oleificio,,0884 997033,contrada coppa,Carpino,,,,,,,,,,,
centro estetico Karisma Estetica,Centro estetico,,328 116 8536,"Via Caruso Pasquale, 45",Candela,,,,,,,,,,,
Gio's beauty paradise,Centro estetico,,0882 644007,"Via Melissa, 53",Apricena,,,,,,,,,,,
Lavanderia Minò Giuseppe Centro professionale di Lavaggio A Secco,Lavanderia,,0882 641637,"Via Fratelli Rosselli, 72",Apricena,,,,,,,,,,,
"Palazzetto dello Sport ""Palafranchino""",Sala fitness,,349 764 4638,"Via Guido Rossa, 27",Apricena,,,,,,,,,,,
World Fitness,Sala fitness,,345 494 4089,"Via Avola, 41",Apricena,,,,,,,,,,,
Tato' Paride S.P.A.,Alimentari,,0882 645502,"Km. 8.400 Strada Statale 89, Apricena",Apricena,,,,,,,,,,,
RANU Istituto di Bellezza,Centro benessere,https://istitutodibellezzaranu.it/,349 675 4672,"Via Luigi Galasso, 34",Apricena,,,https,React,No,Keliweb S.R.L,55,70,85.00,Sì,No
L'essenza della Bellezza,Centro estetico,,340 937 0158,"Via Roma, 72",Apricena,,,,,,,,,,,
Grotta degli Ulivi,Ristorante,http://www.grottadegliulivi.it/,0882 645834,Contrada Dell'Incoronata,Apricena,,,http,React,No,Serverplan s.r.l.,63,90,100.00,Sì,No
Omnia Salus,Centro medico,https://omnia-salus7.webnode.it/,346 983 1960,"Viale Aldo Moro, 134 c/3",Apricena,,contatto@esempio.it,https,React,No,Amazon Technologies Inc.,65,96,100.00,Sì,Sì
A.S.Dill. Virya Body & Mind,Palestra,,349 053 4581,"Via Giovanni Pascoli, 11",Apricena,,,,,,,,,,,
Benè Spa Benessere,Centro estetico,http://www.benespa.it/,080 444 6948,"Largo Angelo Zizzi, 16/17/16/17",Cisternino,,info@benespa.it,http,WordPress,No,Google LLC,59,77,85.00,Sì,No
Valentino Patrizia,Centro estetico,,0832 246245,"Via Roberto di Biccari, 17",Lecce,,,,,,,,,,,
Agriturismo Masseria Lauri,Agriturismo,,333 199 4968,"Unnamed Road, 71032",Biccari,,,,,,,,,,,
STUPOR MUNDI wellness & spa,Centro benessere,,0881 549765,Via Vittorio Veneto,Lucera,,,,,,,,,,,
Istituto di Bellezza Afrodite,Centro estetico,,0881 714583,"Via Michele Menichella, 6/F8",Foggia,,,,,,,,,,,
Marilyn di Elena Checchia,Centro estetico,,340 614 5882,"Via Giardino, 35",Biccari,,,,,,,,,,,
Giacobbe.lab,Centro estetico,https://www.giacobbelab.it/,320 408 5511,Via Melissa,Apricena,,,https,WordPress,No,Keliweb S.R.L,60,66,83.00,Sì,No
Centro Di Estetica Lory Di De Lorenzo,Centro estetico,,0882 641952,"Via Guglielmo Marconi, 15",Apricena,,,,,,,,,,,
Masseria Irene,Ristorante,,339 293 3099,"SP133, 44",Biccari,,,,,,,,,,,
ALEGRIA HAPPY VENDING - Alegria S.p.A.,Distributore automatico di caffè,https://www.alegriahappyvending.com/,0882 643930,S.S. 89 km 11.501,Apricena,,alegria@alegriagroup.it,https,React,Sì,Google LLC,63,98,85.00,Sì,No
Face Spa,Centro estetico,http://www.facespafg.it/,0881 725274,"Via della Repubblica, 25",Foggia,,info@facespafg.it,http,ASP.NET,Sì,Aruba S.p.A. Network,46,92,91.00,Sì,No
Centro Estetico Fatima Bakkori,Centro estetico,,388 072 6882,"Piazza Giuseppe di Vagno, 1",Lucera,,,,,,,,,,,
Beauty & Spa Di Adelaide Stasulli Sas,Centro estetico,,0881 979490,"5, Via Saurino, Troia, FG 71029",Troia,,,,,,,,,,,
Istituto di estetica il cigno,Centro estetico,,333 684 5299,"Via Federico Spera, 102",Foggia,,,,,,,,,,,
Palestra a.s.d.colosseum gym bovino fg (1995),Sala fitness,,389 437 2175,"Via Giacinto Alfieri, 5",Bovino,,,,,,,,,,,
Motel Ristorante Santa Lucia,Motel,,0881 593310,"C.da Molino a Vento, 3",Biccari,,,,,,,,,,,
HB-Health &Beauty di Luigia de Vito,Centro benessere,https://www.benesserehb.it/,0881 636369,"Via Lecce, 2",Foggia,,,https,Svelte,No,Aruba S.p.A. Network,53,74,92.00,Sì,No
Radiological Center Apricena,Studio medico,https://radiologicalcenter.it/,0882 420927,"Via Luigi Galasso, 81",Apricena,,radiologicalcenterapricena@gmail.com,https,WordPress,No,Google LLC,56,77,100.00,Sì,No
Checchia D.ssa Rosa Maria,Farmacia,https://www.amplifon.com/it/cerca-centro-amplifon/apparecchi-acustici-foggia/farmacia-dott-ssa-rosa-maria-checchia-p4685,0881 591212,"Via Fuori Porta Annunziata, 3",Biccari,,amplifon-logo@3x.png,https,Hugo,No,Amazon Technologies Inc.,44,46,85.00,Sì,Sì
Beauty&Co Centro Estetico,Centro estetico,http://beautyecofoggia.it/,0881 636746,"Via Giuseppe Normanno, 22",Foggia,,beautyecofoggia@gmail.com,http,WordPress,Sì,Servereasy Srl,70,76,85.00,Sì,No
La Locanda Dei Sapori Biccari,Ristorante,,347 304 2887,"Via Fuori Porta Annunziata, 75",Biccari,,,,,,,,,,,
Snam Rete Gas Spa - BICCARI - DMFOGG03,Azienda di fornitura del gas,,0881 633411,C6WR+H8,Biccari,,,,,,,,,,,
Piscina comunale,Piscina al coperto,,0881 317212,Via Martiri di Marzabotto,Bovino,,,,,,,,,,,
Centro Estetico Beauty Clè,Centro estetico,https://beautycle.it/,329 931 5413,"Corso Pietro Giannone, 71b",Foggia,,beautyclespa@gmail.com,https,React,Sì,OVH SAS,28,35,100.00,Sì,No
Lubrichimica Spa,Negozio,http://www.lubrichimica.com/,0881 966611,"Viale Aldo Moro, 34",Bovino,,info@lubrichimica.com,http,WordPress,No,Aruba S.p.A.,68,61,100.00,Sì,No
Centro Estetico Di De Cosmo Iolanda,Centro estetico,,0881 961980,"Via Florestano Rossomandi, 15",Bovino,,,,,,,,,,,
Grand Hotel Vigna Nocelli,Location per matrimoni,http://www.grandhotelvignanocelli.com/,0881 548109,SS17 Foggia-Lucera Km. 329,Lucera,,info@grandhotelvignanocelli.com,http,Shopify,Sì,Semplify Srl,41,60,92.00,Sì,No
Hotel Up - Wellness & Spa,Hotel,http://www.spahotelup.it/,0881 721599,"Via Trieste, 14",Foggia,,,http,WordPress,Sì,"Cloudflare, Inc.",56,81,100.00,Sì,No
R.S.A. IL GIRASOLE,Casa di cura per lungodegenti,http://rsailgirasole.it/,0881 961160,Via Martiri di Marzabotto,Bovino,,info@rsailgirasole.it,http,WordPress,No,Aruba S.p.A.,56,75,83.00,Sì,No
Agriturismo Masseria Salecchia,Fattoria,http://www.masseriasalecchia.it/,340 774 5309,"SP122, km 4,4",Bovino,,info@masseriasalecchia.it,http,Shopify,No,Aruba S.p.A.,67,88,92.00,Sì,No
Barber Shop Scapicchio,Barbiere,,393 451 0133,"Corso Vittorio Emanuele, 28, Viale Regina Margherita, 17",Bovino,,,,,,,,,,,
Malisy Beauty Center,Centro estetico,,348 295 2078,"Via Padre Pietro, 6",Apricena,,,,,,,,,,,
Tenuta Capaccio,Agriturismo,https://tenuta-capaccio.guideditalia.top/,340 260 0484,c.da carpine n,Bovino,,,https,WordPress,No,Contabo GmbH,50,83,85.00,Sì,No
Dietista Dott.ssa Stella La Torre,Nutrizionista,https://www.studioequilibria.com/,346 397 2281,"Viale Papa Giovanni XXIII, 37",Apricena,,dietista.stellalatorre@gmail.com,https,ItaliaOnline,No,Amazon Technologies Inc.,70,90,92.00,Stato Non Determinato,No
B&B Le Pietre del Borgo,Bed & Breakfast,,0881 961926,"Via Monte Girone, 23",Bovino,,,,,,,,,,,
Centro Beauty Farm Kalòs,Centro estetico,,389 895 4389,"Via Caduti di tutte le Guerre, 5",Carapelle,,,,,,,,,,,
Hotel Incontro,Hotel,http://www.hotelincontro.it/,0825 891857,Via Nazionale Manna,Ariano Irpino,,info@hotelincontro.it,http,WordPress,No,Aruba S.p.A. Network,69,91,92.00,Sì,No
Esthè Concept,Centro estetico,,339 378 4042,"Vico I Sant'Antonio, 11",Deliceto,,,,,,,,,,,
Hotel Federico II,Hotel,,0881 201421,"Piazza del Popolo, 28",Lucera,,,,,,,,,,,
Hotel Bella Napoli & SPA,Hotel,http://www.bellanapolihotel.com/,327 959 7766,"Via Callisto Azzariti, 26/28",Foggia,,gdrsrls@gmail.com,http,Angular,No,Aruba S.p.A.,56,90,82.00,Sì,No
Bed & Breakfast La Posta,Bed & Breakfast,https://www.laposta-bovino.it/,349 518 4724,Piazza Conti di Loretello,Bovino,,lucio.liscio@gmail.com,https,WordPress,No,Aruba S.p.A.,76,96,92.00,Sì,No
Bed & Wine Rocco Zambri,Hotel,https://francescastraveltips.com/rocco-zambri-bed-amp-wine-italy,338 401 0379,"Largo Impisi, 5",Bovino,,,https,Altro,No,Microsoft Corporation,62,68,100.00,Sì,No
Poliambulatorio e Guardia Medica Carlantino - ASL FG - DSS 58 Lucera,Servizi medici locali,,0881 552501,"Via Polonia, 1",Carlantino,,,,,,,,,,,
L'Oasi del Benessere: Centro Estetico - Solarium - Centro Benessere,Centro estetico,,0882 383323,"Via Palmiro Togliatti, 21",Torremaggiore,,,,,,,,,,,
Lestetista Marina Racano,Centro estetico,,389 694 1425,"Viale Candelaro, 16",Foggia,,,,,,,,,,,
Taléa - Gemme di Bellezza,Centro estetico,,351 733 3099,"Via Ordona, 1c",Carapelle,,,,,,,,,,,
Golden Beauty centro estetico,Centro estetico,https://www.goldenbeautyfoggia.it/,0881 707752,"Via Roccantonio F. D'Amelio, 7",Foggia,,,https,React,No,OVH SAS,55,73,92.00,Sì,No
Afrodite Centro Benessere Di Di Giordano Concepita Mariana,Spa,,0882 078061,"Via Roma, 143",San Paolo di Civitate,,,,,,,,,,,
La Methode Di Milone Maria Giuseppina,Centro estetico,,0882 376424,"Sp19 ,87/89",San Severo,,,,,,,,,,,
Centro Estetico La Crisalide,Centro estetico,,345 691 3198,"Via Guido Dorso, 73",Foggia,,,,,,,,,,,
Centro Estetico di Halyna Vons,Centro estetico,,329 617 2257,"Via dell'Arcangelo Michele, 13",Foggia,,,,,,,,,,,
Grand Hotel Biffy,Hotel,http://www.grandhotelbiffy.it/,0825 828682,Via Cardito,Ariano Irpino,,,http,WordPress,Sì,Iomart Hosting,35,38,92.00,Sì,No
VERONICA CASCAVILLA Estetica & Benessere,Centro estetico,,320 879 3438,"Viale Cristoforo Colombo, 186",Foggia,,,,,,,,,,,
SC beauty studio di Sabrina Pia Costantino,Centro estetico,,375 882 8538,"V.le Michelangelo, 131",Foggia,,,,,,,,,,,
"Centro olistico "" Shanti"" di Paola Raccuia",Centro estetico,,320 656 6437,"Vico Curvo, 13",San Severo,,,,,,,,,,,
Hotel De La Ville,Hotel,,0884 900412,Via Scalabrini,Carpino,,,,,,,,,,,
La Sorgente Del Benessere Di Latino Loredana E Valentina,Centro estetico,,0884 559493,"Corso Matino, 107",Mattinata,,,,,,,,,,,
Beauty&more di Federica Sabatino,Centro estetico,,0881 889071,"Via Lecce, 21",Foggia,,,,,,,,,,,
Centro Estetico Lucy Nails Foggia,Centro benessere,,347 563 3831,"Via Chiaromonte, 23",Poggio Imperiale,,,,,,,,,,,
Personal Beauty,Centro estetico,,340 647 8433,"Via Pasquale Tarantino, 82",Foggia,,,,,,,,,,,
"Centro estetico ""Nefertiti"" di Metta Daniela",Centro estetico,,349 561 3118,"Via Colonnello Vito Raffa, 4",Accadia,,,,,,,,,,,
A.S.D. Fitness Lifestyle,Palestra,,340 686 4137,"Via Borgo, 46",Accadia,,,,,,,,,,,
Oriental Donna di Fele Annamaria,Centro estetico,,0874 825010,"Via Console Minucio, 40",Larino,,,,,,,,,,,
VIENIACASACCADIA,Bed & Breakfast,,337 140 7673,"Via Albino Metauro, 6",Accadia,,,,,,,,,,,
L'Onda del Benessere,Centro estetico,http://www.londadelbenessere.com/,0881 714147,"Corso Pietro Giannone, 1",Foggia,,,http,WordPress,No,SEEWEB s.r.l.,47,87,77.00,Sì,No
Casa Di Riposo La Collina,Casa di riposo,,0881 981065,"Via Giuseppe Mirabella, 72",Accadia,,,,,,,,,,,
Alessandra Borrelli Estetica e Solarium,Centro estetico,,320 362 6625,"Via Girolamo Calvanese, 47",Foggia,,,,,,,,,,,
Centro estetico Gioiosa,Centro estetico,,392 518 9734,"Viale Ignazio d'Addedda, 194",Foggia,,,,,,,,,,,
Agri Shop Di Marinaccio Pasquale,Fornitore di trattori e macchine agricole,,0881 981399,Contrada Serrone,Accadia,,,,,,,,,,,
Centro Estetico La Perla Nera,Centro estetico,,0881 633006,"Via Michele Marchianò, 11-13",Foggia,,,,,,,,,,,
Istituto Di Bellezza Di Nunzia Falco,Centro estetico,,0881 712672,"Via Vincenzo Capozzi, 23",Foggia,,,,,,,,,,,
Area Bellessere Clinic,Centro estetico,http://www.areabellessereclinic.it/,393 802 9359,"P.za Siniscalco Ceci, 11",Foggia,,info@areabellessereclinic.it,http,Backbone.js,Sì,Server Plan S.r.l.,40,70,100.00,Sì,No
Stanza del sale Monteleone di Puglia,Centro benessere medico,,328 933 3498,"Via Borgo Molara, 12",Monteleone di Puglia,,,,,,,,,,,
ASL FG,Servizi medici locali,,0881 980111,"Strada St. 91 Ter, Accadia, FG 71021",Accadia,,,,,,,,,,,
"Alchimia Centro Benessere - Spa a Mesagne Brindisi, Salento",Centro benessere e spa,http://www.alchimiacentrobenessere.it/,349 477 5207,"Via S. Tommaso d'Aquino, 12",Mesagne,,alchimiabenessere3@gmail.com,http,React,No,Keliweb S.R.L,67,92,92.00,Sì,No
Viaborgosettantadue Lounge bar & Restaurant,Bar,,0881 981155,"Via Borgo, n°72",Accadia,,,,,,,,,,,
Casa Salvatore,Hotel,https://nelmiocampo.com/,081 1932 2515,"Via Borgo, 70",Accadia,,,https,React,No,Google LLC,64,92,92.00,,No
ACQUADIEM TOUR DI DI GIORGIO LUCIA,Agenzia viaggi,http://www.acquadiemtour.it/,0881 986101,"Via Giuseppe Mirabella, 100",Accadia,,acquadiemtour@gmail.com,http,WordPress,Sì,Netsons s.r.l.,68,99,92.00,Sì,No
Estetica E Benessere di Marianna Barbaro,Centro estetico,,339 834 7177,"Via Indipendenza, 19",Lucera,,,,,,,,,,,
Armonia Centro Estetico,Centro estetico,,329 961 5316,"Via Gabriele Pepe, 49",Foggia,,,,,,,,,,,
"Studio Di Estetica ""Immagine""",Centro estetico,,328 191 9091,"Via Ernesto Petrone, 7",Foggia,,,,,,,,,,,
B&B Dormire nel Borgo,Bed & Breakfast,https://francescastraveltips.com/la-casa-del-borgo-italy,320 703 1249,"Via Annunziata, 10",Bovino,,,https,Altro,No,Microsoft Corporation,60,83,100.00,Sì,No
L'Eden Di Solimine Maria,Fiorista,,0881 981988,"Piazzale Fermi, 2",Accadia,,,,,,,,,,,
Raffaella Rinaldi Hair & Hestetic,Salone da parrucchiere,,0881 174 4630,"Via Vincenzo Gioberti, 64",Foggia,,,,,,,,,,,
Centro Estetico Maison Beautè,Centro estetico,,0881 313010,"Via V. Ciampoli, 11",Foggia,,,,,,,,,,,
Agriturismo Santa Maria,Agriturismo,,0881 981282,"Accadia, SP91ter",Accadia,,,,,,,,,,,
Ristorante Donna Serafina,Ristorante,,0881 981016,Via Ranuccio Zannella,Accadia,,,,,,,,,,,
Finservice - Spa,Centro estetico,,0881 712679,"Via Napoli, 4",Foggia,,,,,,,,,,,
Il Melograno Ristorante Pizzeria,Ristorante,https://il-melograno.avventurainitalia.top/,333 881 2600,"Via Pier Santi Mattarella, 30",Accadia,,,https,React,No,Colocation America Corporation,55,83,85.00,Sì,No
PlazaCarrisi Hotel,Hotel,https://plazacarrisi.it/?utm_source=GB&utm_medium=organic,0831 601947,"Piazza Aldo Moro, 7",Cellino San Marco,,hotel@plazacarrisi.it,https,React,Sì,Signet B.V,68,70,92.00,Sì,No
"B&B Il Sambuco, Accadia (FG), Italia",Bed & Breakfast,,333 955 3045,SP139,Accadia,,,,,,,,,,,
ECOGRAFIA - ECOCOLOR-DOPPLER VASCOLARE Dr. De Carolis Emmanuele,Medico,,0885 662313,"Via Ruggiero Bonghi, 25",Ascoli Satriano,,,,,,,,,,,
Estetica Antonella,Estetista,,333 129 1429,"SP90, 24-28",Ascoli Satriano,,,,,,,,,,,
Camera a Sud,Hotel,https://alistraveltips.com/camera-a-sud-italy,347 489 5141,"Piazza Marino Boffa, 13",Bovino,,,https,Altro,No,Microsoft Corporation,56,71,100.00,Stato Non Determinato,No
I.M.M. Hydraulics Spa - Hose Division,Fornitore di tuberia,https://www.interpumpfluidsolutions.com/,0872 889225,Contrada Giarnera Grande,Ascoli Satriano,,,https,Shopify,Sì,UKDedicated LTD,40,73,100.00,Sì,No
"Studio Pedagogico Clinico, Pedagogista Clinico Dott.ssa Rossella Mangino",Studio medico,,338 318 4030,"Corso Umberto I, 22",Ascoli Satriano,,,,,,,,,,,
CarLea beauty e spa,Centro estetico,,081 1955 2669,"Via Nazionale delle Puglie, 95",Casalnuovo di Napoli,,,,,,,,,,,
B&B Alla Corte del Duca,Bed & Breakfast,http://www.allacortedelduca.it/,340 654 3480,"Via Massimo D'Azeglio, 8",Ascoli Satriano,,info@allacortedelduca.it,http,Altro,No,SEEWEB s.r.l.,54,94,82.00,Sì,No
Labmed - Laboratorio Medico,Laboratorio medico,http://www.labmedascolisatriano.it/,0885 662645,"Via Filippo Turati, 10",Ascoli Satriano,,,http,WordPress,No,Aruba S.p.A.,94,100,92.00,Sì,Sì
DeLiberti Beauty Lab,Centro estetico,http://www.delibertibeautylab.it/,334 932 0215,"Corso Umberto I, n. 348/Bis",Casalnuovo di Napoli,,,http,React,No,Server Plan S.r.l.,64,92,92.00,Sì,No
Coralia Spa,Centro estetico,https://www.coraliaspa.it/,081 842 0392,"Via Benevento, 107",Casalnuovo di Napoli,,info@coraliaspa.it,https,React,No,Aruba S.p.A.,40,54,83.00,Sì,No
NES - Nouvelle Esthetique SPA,Estetista,,081 522 1840,"Via Cesare Battisti, snc",Casalnuovo di Napoli,,,,,,,,,,,
Aestetica Eden,Centro estetico,,081 1966 0435,"Viale dei Platani, 2",Casalnuovo di Napoli,,,,,,,,,,,
Marilù Concept,Centro estetico,,392 554 2507,"Viale dei Tigli, 10",Casalnuovo di Napoli,,,,,,,,,,,
AGRIFIDAM SRL,Servizio agricolo,,333 377 2401,"Contrada Forapane, Corso Cardinal Pietro Parente, 102",Casalnuovo Monterotaro,,,,,,,,,,,
Hammam Qui Si Sana,Centro benessere e spa,http://www.hammamquisisana.it/,080 321 0659,"Via Piaggio, 1",Gravina in Puglia,,,http,React,No,Aruba S.p.A.,28,32,92.00,Sì,No
Fior di Loto - Centro Estetico e Benessere Campobasso,Centro benessere e spa,https://www.fiordilotocb.it/,0874 195 0632,"Galleria Comerciale, Via Gaetano Scardocchia, 20/C",Campobasso,,info@fiordilotocb.it,https,MODX,Sì,IT.Gate S.p.A.,91,100,100.00,Sì,No
Centro Benessere & Bellezza S.A.S. Di Garofalo Maria Giovanna,Centro estetico,,0825 892232,"Via Cardito, 44",Ariano Irpino,,,,,,,,,,,
Nails Beauty Center Snc,Centro estetico,,0882 248133,"Via Soccorso, 100",San Severo,,,,,,,,,,,
AUA Beauty & Wellness,Centro estetico,,345 835 0329,"Via Rione Fico Antonio, 8",Casalnuovo di Napoli,,,,,,,,,,,
l'Oasi di Rosi - Affittacamere,Bed & Breakfast,http://oasidirosi.it/,339 112 1726,Contrada Purgatorio,Casalnuovo Monterotaro,,oasidirosi@gmail.com,http,WordPress,Sì,Signet B.V.,59,78,92.00,Sì,No
Terme di Castelnuovo della Daunia,Terme,http://www.termedicastelnuovo.com/,0881 559766,Contrada Crocella,Castelnuovo della Daunia,,info@termedicastelnuovo.it,http,WordPress,Sì,Aruba S.p.A.,41,46,92.00,Sì,No
Intesa Sanpaolo S.p.A.,Banca,https://www.intesasanpaolo.com/it/common/footer/ricerca-filiali.html?utm_source=local_mktg_organic&utm_medium=google&utm_campaign=0166458,0881 912000,"Piazza XX Settembre, 6",Bovino,,,https,Hugo,,Intesa Sanpaolo S.p.A.,14,28,85.00,,
Il Tempio Del Benessere,Centro estetico,,349 944 4787,"Via Trignina, 85a",San Salvo,,,,,,,,,,,
Rimir | Centro Estetico & Beauty Center,Centro estetico,https://rimir.it/,351 661 8508,"Via San Rocco, 26",Montecilfone,,rimir.booking@gmail.com,https,WordPress,No,Servereasy Srl,56,63,92.00,Sì,No
Centro Estetico L'Orchidea Di Tranquillo Lucia,Centro estetico,,389 340 4409,"Via Belvedere, 27",Palata,,,,,,,,,,,
NALJ - Estetica & Benessere,Centro estetico,,345 354 7939,"Via di Vagno, 54",Troia,,,,,,,,,,,
Oasi del Benessere,Centro estetico,,333 528 9012,"Via Don Luigi Sturzo, 4",Montenero di Bisaccia,,,,,,,,,,,
Tempio di venere bellezza e benessere,Centro estetico,,0972 721093,Vico Michele Granata,Rionero In Vulture,,,,,,,,,,,
Estetica Benessere di Corbo Patrizia,Centro estetico,,0885 791836,"Via Kossut, 3",Orta Nova,,,,,,,,,,,
Elisir,Centro estetico,,338 676 2624,"Viale della Gioventù, 7C",San Giovanni Rotondo,,,,,,,,,,,
Centro Mességué Campobasso,Centro estetico,http://www.centromesseguecampobasso.it/,0874 195 1606,"P.za Gabriele Pepe, 13",Campobasso,,,http,ASP.NET,No,Aruba S.p.A.,73,99,91.00,Sì,No
"DiversaMente Benessere: Fisioterapia, Nutrizione, Medical Fitness",Fisioterapista,https://www.diversamentebenessere.it/,347 496 4555,"Via Giuseppe Garibaldi, 40",Celenza Sul Trigno,,info@diversamentebenessere.it,https,React,No,Aruba S.p.A. Network,59,62,92.00,Sì,No
Clinica Del Sale,Centro benessere,,0881 514775,"Via Indipendenza, 13/A",Lucera,,,,,,,,,,,
Centro estetico Armonia dei Sensi,Centro estetico,,329 422 8659,"c/da, Via Serra S. Marco, 4 /d",San Bartolomeo in Galdo,,,,,,,,,,,
Progetto Benessere,Centro estetico,,393 335 1295,"Via IV Novembre, 13",Campobasso,,,,,,,,,,,
Essential di Flavia Fabio,Centro estetico,,331 386 4381,"Via Giuseppe Pianese, 22",Campobasso,,,,,,,,,,,
Istituto di bellezza #Area4,Centro estetico,,0882 603400,"Via Michele Zannotti, 140",San Severo,,,,,,,,,,,
Harmony & Beauty,Centro estetico,https://harmonyandbeauty.it/,0881 520067,"Via Camillo Benso Conte di Cavour, 12",Lucera,,harmonyandbeautyweb@gmail.com,https,WordPress,No,OVH SAS,32,62,100.00,Stato Non Determinato,No
L'Angolo di Venere di Rocchina L'Erario,Centro estetico,,333 561 3598,"Via Gelso, 20",Castelluccio Valmaggiore,,,,,,,,,,,
Life Balance estetica e benessere di Gentile Michela,Centro estetico,,351 802 2260,"Via Giovanni Battista Bosco Lucarelli, 10",Benevento,,,,,,,,,,,
Centro Benessere Lello Mazza,Centro benessere,,0823 833224,"Via Nicola Gaglione, 57",Marcianise,,,,,,,,,,,
Centro Estetico Moderno Di Iannace Carmela,Centro estetico,,0824 878122,"Viale San Pietro, 7",Vitulano,,,,,,,,,,,
FAVIEN BEAUTY,Centro estetico,,0874 172 2256,"Via Lombardia, 149",Campobasso,,,,,,,,,,,
PiacerSi Centro di Estetica e Benessere,Centro estetico,,328 563 4567,"Via Monte Sabotino, 5A",Foggia,,,,,,,,,,,
Natural Beauty Caserta - Bellezza e Benessere,Centro estetico,,338 422 4684,"Largo Rotonda, 22",San Nicola La Strada,,,,,,,,,,,
Centro Estetico Il Bello Delle Donne Di Caporaso Veronica,Centro estetico,,0824 880396,"Via Trieste, 2",Cautano,,,,,,,,,,,
Centro estetico beautyline di Cogliano Teresa,Centro estetico,,0825 448399,"Via michelangelo buonarroti, n 5",Sturno,,,,,,,,,,,
"""MEDEA"" ESTETICA E BENESSERE",Centro estetico,https://medeaesteticaebenessere.jimdo.com/,347 183 4560,"Via L. Sturzo, 28",Termoli,,,https,Jimdo,No,"Amazon.com, Inc.",69,86,85.00,Stato Non Determinato,No
Il Regno Di Venere Bellezza E Benessere,Centro estetico,,348 131 8252,località taddeo,Bojano,,,,,,,,,,,
Centro Estetico Percorso Di Bellezza Di Colo' Maria Soccorsa,Centro estetico,,0882 227386,"Via Calatafimi, 4",San Severo,,,,,,,,,,,
Centro Estetico Benessere Di Scocca Maria Teresa,Centro estetico,,0824 991629,"Via Maresciallo Pasquale Mandato, 55",Pietrelcina,,,,,,,,,,,
Centro Estetico e Spa Corazza,Centro estetico,,0823 197 1991,"Via Emanuele Campolongo, 38",Maddaloni,,,,,,,,,,,
Healthysan beauty e spa (BENEVENTO),Centro benessere e spa,,391 172 9755,"Via Orbilio Pupillo, 4",Benevento,,,,,,,,,,,
Sofi Centro Medico Estetico e Benessere Spa,Centro benessere medico,http://www.sofi-center.it/,0824 174 3861,"Contrada Piano Cappelle, 144",Benevento,,info@sofi-center.it,http,WordPress,No,OVH ISP,0,47,92.00,Sì,No
Intesa Sanpaolo S.p.A. - Sportello,Banca,https://www.intesasanpaolo.com/it/common/footer/ricerca-filiali.html?utm_source=local_mktg_organic&utm_medium=google&utm_campaign=0166460,0885 650079,"Piazza Giovanni Paolo II Papa, 25/Ab",Ascoli Satriano,,,https,Hugo,,Intesa Sanpaolo S.p.A.,15,28,85.00,,
Benessere più Bellezza di Grande Gerarda,Centro estetico,https://www.benesserebellezza.it/,0824 313749,"Via Achille Vianelli, 36",Benevento,,info@benesserebellezza.it,https,Shopify,Sì,OVH SAS,64,78,100.00,Sì,No
"Sinekron Istituto di Bellezza - epilazione laser, estetica e massaggi",Centro salute e bellezza,http://www.sinekron.it/,0825 474058,"Via Tre Torri, 49",Flumeri,,info@sinekron.it,http,React,No,OVH SAS,48,73,92.00,Sì,No
Il Piacere di Piacersi - Centro Estetico & Coiffeur,Centro estetico,,347 672 7186,"Via Giorgio Vasari, 7",Grottaminarda,,,,,,,,,,,
Centro Estetico Crisalide Di Iademarco Alessia,Centro estetico,,380 766 7094,"ctr. Vazzieri, Ferrazzano, CB 86010",Ferrazzano,,,,,,,,,,,
Centro Estetico E Benessere Il Tempio Di Venere,Centro estetico,,0874 820381,"Via Magliano M., 47",Larino,,,,,,,,,,,
Infinity Space SPA - Centro Benessere Caserta,Centro benessere e spa,,339 242 1285,Via Fulvio Renella,Caserta,,,,,,,,,,,
Centro Estetico My Dream di Paola Volpe,Centro estetico,,0823 183 2689,"Via Santa Croce, 41",Capodrise,,,,,,,,,,,
centro estetico Beauty for ever,Centro estetico,,347 906 4068,"Via Gennaro Zampelli, 9",Apice Nuovo,,,,,,,,,,,
Centro Estetico Belle di Natura,Centro estetico,,329 407 4012,"Via Venezia, 39",Telese,,,,,,,,,,,
L'Isola del Benessere,Centro benessere e spa,https://www.lisoladelbenessere.com/,0823 801156,"Via Napoli, 166",San Felice a Cancello,,,https,Shopify,No,DEFT.COM,31,63,85.00,Sì,No
Centro estetico Evaent,Centro estetico,,0874 716245,"Via Roma, 19",Riccia,,,,,,,,,,,
COE COE Centro Estetico di Gerarda Schettini,Centro estetico,,328 266 5857,"Via Roberto Ruffilli, 22",Benevento,,,,,,,,,,,
Carolina Sparago - Centro estetico,Centro estetico,,334 365 3214,"via Grottole, 2",Castel Morrone,,,,,,,,,,,
Centro Estetico Sole Arancio,Centro estetico,,338 855 8327,"Via Vittorio Veneto, 16",Casacalenda,,,,,,,,,,,
Centro Estetico Venere Di Pratola Nicoletta,Centro estetico,,0825 454695,Via Monte Tre Colli,Ariano Irpino,,,,,,,,,,,
Centro Estetico Deby Center di Loconte Debora,Centro estetico,,0825 472360,"Via Espansione, 5",Melito Irpino,,,,,,,,,,,
Centro Estetico Claudia De Minico,Estetista,,377 080 1768,"Via Salvo D'Acquisto, 69",Torre Le Nocelle,,,,,,,,,,,
Naturalmente Bella - Centro estetico,Centro estetico,,0874 481531,"Via Campania, 215",Campobasso,,,,,,,,,,,
Centro estetico Dafne,Centro estetico,,334 950 9607,"PIAZZA FORNO, 8",Melizzano,,,,,,,,,,,
RELAX,Fisioterapista,https://relaxriabilitazione.it/sedi/relax-piano-cappelle-benevento/,0824 174 8232,"Contrada Piano Cappelle, 78",Benevento,,relaxpianocappelle@relaxriabilitazione.it,https,Angular,Sì,Server Plan S.r.l.,78,97,92.00,Sì,No
Centro Estetico Bellessere,Centro estetico,,0827 94632,Via Giardino,San Sossio Baronia,,,,,,,,,,,
Puressenza - Drops of Beauty - Centro Estetico & Estetica Avanzata,Centro estetico,https://www.puressenza.com/,0823 742197,"Via Francesco Marchesiello, 35",Caserta,,,https,WordPress,Sì,Aruba S.p.A.,55,92,92.00,Sì,No
Palazzo del Conte,Bed & Breakfast,,327 552 3231,"Via Umberto I, 19",Castelluccio Valmaggiore,,,,,,,,,,,
Centro Estetico Callistemon Di Chiaie Giuseppina,Centro estetico,,329 242 2478,"Via Amorosi, 134",San Salvatore Telesino,,,,,,,,,,,
Centro Estetico Aphrodite - Becos Club,Centro estetico,https://centroesteticoaphrodite.net/,0825 444240,"Via Piano della Croce, 37",Frigento,,s.aphrodite@libero.it,https,ASP.NET,No,Critical Case s.r.l,54,57,92.00,Sì,No
L’etoile centro estetico,Centro estetico,,328 655 3973,"Via Paolo Telesforo, 24",Foggia,,,,,,,,,,,
Centro Estetico B Club,Centro estetico,,391 110 3823,"Via Giappone, 42",Termoli,,,,,,,,,,,
Centro Estetico VENERE,Centro estetico,http://centroestetico-venere.com/,333 707 1554,"Via Sant'Agata, 6",San Giovanni Rotondo,,luciadecata8@gmail.com,http,WordPress,Sì,Signet B.V.,57,75,100.00,Sì,No
Brows Club | Campobasso | Trattamenti Ciglia e Sopracciglia,Centro estetico,https://www.browsclub.it/,347 505 6308,"Via Insorti d'Ungheria, 74 G",Campobasso,,,https,Altro,No,Google LLC,55,60,100.00,Stato Non Determinato,No
Ninfea Centro Di Estetica E Solarium,Centro estetico,,389 954 2077,"Viale Cristoforo Colombo, 109",Foggia,,,,,,,,,,,
Istituto Di Bellezza Luna Annecchino Anna Maria,Centro estetico,https://www.istitutodibellezzaluna.it/,333 893 7176,"Via Homs, 41",Foggia,,dibicenterluna@yahoo.it,https,React,Sì,IT.Gate S.p.A.,62,77,100.00,Sì,No
AUREA beauty spa,Centro estetico,,0972 728873,"Via Sanremo, 32",Melfi,,,,,,,,,,,
Nova Beauty Estetica avanzata,Centro estetico,,379 234 5657,"Via Taverna Nova, 23",Prata di Principato Ultra,,,,,,,,,,,
Esthètique di Zanni teresa,Centro estetico,,320 852 5205,"Via S. Pasquale, 6",Orta Nova,,,,,,,,,,,
🌿 Alchimia 🌿 centro estetico,Centro estetico,,348 551 7177,"Via Magenta, 34",Torremaggiore,,,,,,,,,,,
Centro Benessere Edonè,Centro benessere,https://www.centrobenesseredone.com/,0824 601781,"Via Torre della Catena, 64/A",Benevento,,centrobenessereedone@gmail.com,https,Shopify,Sì,OVH SAS,94,100,0.00,Sì,No
puntoD,Centro estetico,,320 373 3214,"via don Aldo Prato, 68",San Severo,,,,,,,,,,,
Centro Benessere Afrodite di Ialeggio Assuntina,Centro benessere per trattamenti al viso,https://bit.ly/CentroBenessereAfrodite,0824 995074,contrada Leccata zona industriale,San Marco dei Cavoti,,,https,ASP.NET,No,Google LLC,57,94,92.00,Sì,No
Anthea di Polvere Mariangela,Centro estetico,,351 263 9976,"Viale della Resistenza, 12",Buonalbergo,,,,,,,,,,,
MF Beauty Clinic,Centro estetico,https://www.mfbeautyclinic.it/,342 513 3138,"Via Cardito, 203 b/4° Piano",Ariano Irpino,,info@mysite.com,https,Plone,Sì,Google LLC,64,81,100.00,Sì,No
Centro Estetico Anné,Centro estetico,,0824 840409,SP43,Tressanti,,,,,,,,,,,
GAMAX center,Salone di manicure,,0881 374803,"Piazza Umberto Giordano, 9",Foggia,,,,,,,,,,,
Centro Estetico Aietheie Di Lucia Iuliano,Centro estetico,,351 923 7104,"Via Arcella, 197",Montefredane,,,,,,,,,,,
Skinage,Centro estetico,,351 627 4137,"Via Dante Alighieri, 6 A",Melfi,,,,,,,,,,,
Estetica 4.0 - Professional Beauty Clinic,Centro estetico,http://www.esteticaquattropuntozero.it/,380 694 8384,"Piazza Umberto Giordano, 57",Foggia,,info@esteticaquattropuntozero.it,http,React,Sì,IT.Gate S.p.A.,0,60,92.00,Sì,No
Centro Estetico,Centro estetico,,392 980 5414,"Via Angelo Fraccacreta, 6",Foggia,,,,,,,,,,,
Segreti di Bellezza,Centro estetico,,349 077 8258,"Corso Giustino Fortunato, 10",San Severo,,,,,,,,,,,
Centro Estetico Venus di Pannella Giuliana,Centro estetico,,347 187 2045,Contrada Collepiano,Collepiano,,,,,,,,,,,
"Marylù Nails&Beauty di Patella M.L. - centro estetico e abbronzatura, manicure",Centro estetico,https://www.centroesteticomarylu.it/,0881 722058,"Viale Sant'Alfonso Maria dè Liguori, 85/87",Foggia,,,https,WordPress,No,Netsons Network,91,99,92.00,Sì,No
Nomasvello Campobasso,Centro estetico,https://www.nomasvello.it/depilazione-laser-Campobasso-29-nomasvello,0874 195 6821,"Via Umberto I, 13/15",Campobasso,,campobasso@nomasvello.it,https,Hugo,No,Aruba S.p.A. Network,55,75,83.00,Sì,No
Beauty F&A di Ranauro Alessandra,Centro estetico,https://beautyfeabenevento.it/,0824 334082,"Via Luigi Vanvitelli, 32",Benevento,,beautyfea.aleranauro@outlook.it,https,WordPress,No,Hostinger International Limited,60,77,92.00,Sì,No
Beauty Center di Vanna Barricella,Centro estetico,,329 004 3032,"angolo Duomo, Via Carlo Torre, 2/scala b",Benevento,,,,,,,,,,,
Poliambulatorio,Centro medico,https://www.sanita.puglia.it/web/asl-foggia/poliambulatori_det/-/journal_content/56/36044/poliambulatorio-di-casalvecchio-di-puglia,0881 553006,"Via Arberia, 5",Casalvecchio di Puglia,,icon-toggle-nav-@2x.png,https,React,No,InnovaPuglia SpA,55,59,92.00,Sì,No
CASA IACOVELLI - AFFITTACAMERE,Bed & Breakfast,,389 175 0961,"corso skanderbeg 15, Via Guglielmo Oberdan, 4",Casalvecchio di Puglia,,,,,,,,,,,
immaGina Centro Estetico,Centro estetico,https://immaginacentroesteticogb.it/,346 129 8939,"Via Santa Croce, 12",San Giovanni Rotondo,,ginabaorda@yahoo.it,https,React,Sì,TransIP BV,49,76,92.00,Sì,No
Valentina C. Studio di Estetica,Centro estetico,https://andreascarpiello.wixsite.com/valentinac,328 973 7750,"Via Marchese de Rosa, 94b",Foggia,,605a7baede844d278b89dc95ae0a9123@sentry-next.wixpress.com,https,Wix,No,Google LLC,69,93,92.00,Sì,No
Studio Estetico Elisir Di Laura Annecchino,Centro estetico,,0881 331200,Viale Giovanni Gentile,Foggia,,,,,,,,,,,
Atmosphere,Centro benessere,,0874 61183,"Via San Giovanni, 4/A",Campobasso,,,,,,,,,,,
Luma beautycenter,Centro estetico,,389 286 0335,"Via San Matteo, 62/64",San Severo,,,,,,,,,,,
Danuel Centro Estetico,Centro estetico,https://www.danuelistitutodibellezza.com/,320 932 1689,"Viale Principe di Piemonte, 108",Campobasso,,info@danuelistitutodibellezza.com,https,ItaliaOnline,No,Amazon Technologies Inc.,69,78,92.00,Stato Non Determinato,No
Extetika - Epiluxury | Estetica Avanzata,Centro estetico,http://extetikabeautyspecialist.com/,328 406 3172,"Viale Ofanto, 82",Foggia,,beauty.extetika@gmail.com,http,WordPress,Sì,OVH SAS,85,96,92.00,Sì,No
Esteva Beauty,Centro estetico,,320 318 4866,"Via Luigi Battaglini, 20",Orta Nova,,,,,,,,,,,
Beauty Oasi & Sun,Centro benessere,,0881 178 0764,"Corso Giuseppe Garibaldi, 123",Foggia,,,,,,,,,,,
Bye Bye Pelos,Centro estetico,http://www.byebyepelos.it/,0881 725960,"Corso Pietro Giannone, 73",Foggia,,,http,React,Sì,Google LLC,39,53,91.00,Sì,No
Corte Altavilla,Hotel,http://www.cortealtavilla.it/,080 495 9668,"Vico Goffredo Altavilla, 8",Conversano,,info@cortealtavilla.it,http,Joomla,Sì,Server Plan S.r.l.,45,54,92.00,Sì,No
Art Fusion Parrucchieri,Salone da parrucchiere,,345 846 5079,"Via Montegrappa, 85",Cagnano Varano,,,,,,,,,,,
MyA Estetica Benessere,Centro estetico,,380 236 6223,"Via G. Matteotti, 14",Cagnano Varano,,,,,,,,,,,
WClinic Innovative Beauty,Centro estetico,,379 158 6672,"Via delle Grazie, 31",Cagnano Varano,,,,,,,,,,,
Profumo Di Bellezza C.F.F. srl,Centro estetico,http://www.profumodibellezza.it/,0881 638189,Viale Cristoforo Colombo,Foggia,,profumodibellezza@libero.it,http,Angular,No,Seeweb srl,60,89,85.00,Sì,No
Estetica Veronica | Beauty e Wellness,Centro estetico,,0884 994378,"Via della Resistenza, 31",Vico del Gargano,,,,,,,,,,,
Catamè,Ristorante,,328 276 6737,"Via San Michele, 26",Cagnano Varano,,,,,,,,,,,
Centro Ottico Biancofiore di Cagnano Varano,Ottico,,0884 89134,"Via Dante Alighieri, 14",Cagnano Varano,,,,,,,,,,,
"ApuliaSalus - Studio di Fisioterapia, Posturologia e tecniche Osteopatiche",Fisioterapista,,320 655 5703,"Via G. Rossini, 17",Cagnano Varano,,,,,,,,,,,
Kālī centro estetico e solarium di Michela Belcastro,Centro estetico,https://www.kalicentroestetico.com/,349 658 1647,"Largo Magenta, 9",Rodi Garganico,,,https,Angular,No,Aruba S.p.A. Network,65,98,92.00,Sì,No
L'Isola dei Sapori Hotel Restaurant Pizzeria,Hotel,http://www.isoladeisaporigargano.it/,349 621 3960,"SP41, Km.34/00",Cagnano Varano,,,http,React,No,"Amazon.com, Inc.",28,66,92.00,Sì,No
Frontemare Hotel Village & Spa | Gargano,Hotel,http://www.frontemarepuglia.it/,0884 965579,Via Belvedere,Rodi Garganico,,,http,React,No,"Amazon.com, Inc.",33,69,92.00,Sì,No
I Templari di Alberona,Bed & Breakfast,http://www.itemplaridialberona.com/,328 549 4720,"Via Ripa, 22",Alberona,,info@itemplaridialberona.com,http,WordPress,No,Aruba S.p.A.,54,45,77.00,Sì,No
Unieuro City,Negozio di elettronica,https://www.unieuro.it/online/,0884 89170,"Via di Vagno, 22",Cagnano Varano,,,https,React,No,Init ISP,25,0,92.00,Sì,No
Fondazione Centri Di Riabilitazione Padre Pio - O,Ospedale privato,https://www.fondazionecentripadrepio.it/,0884 852007,Via G. Marconi,Cagnano Varano,,fondazionecentripadrepio@legalmail.it,https,WordPress,No,OVH SAS,30,50,85.00,Sì,No
Tenuta Palazzo ️,Piscina all'aperto,,370 151 3935,Contrada contessa,Castelluccio dei Sauri,,,,,,,,,,,
"Hotel ""AGORA' "" Agri Resort (ristorante ricevimenti pizzeria ) .",Hotel,https://thehoteldetail.eu/agri-resort-quot-agora-quot-italy,0881 962636,"Contrada Fontana di Maggio S N SP 110 km 13,400",Castelluccio dei Sauri,,,https,Altro,No,Microsoft Corporation,51,77,100.00,Sì,No
Bed & Breakfast Panorama,Bed & Breakfast,https://bed-breakfast-panorama.italiacongusto.top/,328 837 9760,"Via Parco delle More, 17",Castelluccio dei Sauri,,,https,React,No,Contabo GmbH,49,84,92.00,Sì,No
Maison Hejer Bargaoui,Centro benessere,,334 249 0451,"Via Gaetano Amatruda, 34/36",Foggia,,,,,,,,,,,
Perbacco,Ristorante,,327 151 4297,Contrada Croce,Anzano di Puglia,,,,,,,,,,,
Sublime centro olistico estetico,Centro benessere,https://www.centrolisticoesteticosublime.it/,346 674 5096,"Via Magenta, 16",Cerignola,,sublimecerignola@yahoo.com,https,Shopify,No,"Cloudflare, Inc.",72,97,92.00,Sì,No
CENTRO BENESSERE OLISTICO S'AGAPO' DI KATYA NESTA,Centro benessere,,339 171 0556,"Via del Grappa, 13\15",Lioni,,,,,,,,,,,
Il Bell'essere di Mary,Centro estetico,http://www.ilbellesseredimary.it/,0881 639051,"Via Alberto Testi, 26",Foggia,,bellesseredimary@gmail.com,http,WordPress,,Register.IT S.p.A,56,82,85.00,Sì,No
Spa E' la tua Vita (presso le Tenute Al Bano),Spa,https://www.tenutealbano.com/spa/,0831 618777,Contrada Bosco,Cellino San Marco,,casacarrisi@albanocarrisi.com,https,Joomla,No,Server Plan S.r.l.,65,79,77.00,Sì,No
Regina Di Saba di Rinaldi Nicola e Melchionda Maria S.N.C.,Spa,https://reginadisaba.com/,0882 418127,"Corso Umberto I, 53",San Giovanni Rotondo,,info@reginadisaba.com,https,WordPress,,Register.IT S.p.A,59,75,77.00,,
Dimora Nettare URBAN SPA & DAY USE,Centro benessere e spa,http://www.dimoranettare.it/,393 864 6948,"Via Giudea, 33",Brindisi,,urbanspa@dimoranettare.it,http,WordPress,No,Aruba S.p.A.,33,28,77.00,Sì,No
Centro di Estetica naturalia,Centro estetico,,0825 891590,"Via Cardito, 6/a",Ariano Irpino,,,,,,,,,,,
Buonassisi Maria,Fiorista,,0881 968218,"Via Vittorio Emanuele, 33",Orsara di Puglia,,,,,,,,,,,
Rosa dell'Alba - Wellness e Spa,Centro benessere e spa,https://www.rosadellalba.it/,0825 458832,Via melito Iangano,Solofra,,info@rosadellalba.it,https,WordPress,Sì,Host SpA,67,93,100.00,Sì,No
Centro Kinesis,Massaggio-terapista,https://centro-kinesis.jimdosite.com/,331 457 1257,"Via Mancini, 94",Monteleone di Puglia,,,https,Jimdo,No,"Cloudflare, Inc.",50,95,92.00,Stato Non Determinato,No
maccorgodimè centro benessere,Centro benessere,,0885 091430,"Via Giovanni Falcone, 26",Cerignola,,,,,,,,,,,
Trattoria Pane e Salute,Ristorante,,0881 964826,"Via Caracciolo, 13",Orsara di Puglia,,,,,,,,,,,
Egocenter,Centro estetico,,339 159 6825,"Via Tito Livio, 6",Cerignola,,,,,,,,,,,
La Dolce Vita SPA,Centro benessere e spa,http://ladolcevitaspa.it/,0831 356111,"Km 23.500, Strada Statale 379 di Egnazia e delle Terme di Torre Canne",Marina di Ostuni,,ladolcevitaspaostuni@gmail.com,http,Altro,Sì,Server Plan S.r.l.,60,80,100.00,Sì,No
"In Forma Cerignola - Centro Estetico Cerignola, Centro Dimagrimento Cerignola",Centro estetico,,0885 425510,"Viale di Levante, 139",Cerignola,,,,,,,,,,,
Grieco Business & SPA Hotel,Albergo benessere,http://www.griecohotel.it/,0885 422581,"Corso Scuola Agraria, 13",Cerignola,,info@griecohotel.it,http,React,No,Aruba S.p.A.,47,74,85.00,Sì,No
KIRO ESTETICA - BEAUTY CENTER,Centro estetico,,351 896 2307,"Via D'Emilio, 14",Cerignola,,,,,,,,,,,
Ganesha Centro Estetica E Benessere,Centro estetico,,324 999 8403,"Via S. Francesco, 31",Cerignola,,,,,,,,,,,
MAD Estetica - Mademoiselle (Centro estetico | SPA | Solarium),Centro estetico,,345 874 2676,"Viale Russia, 15",Cerignola,,,,,,,,,,,
Studio massaggi la Fenice (Cerignola),Massaggio-terapista,,388 389 1928,"Via Ten. Antonio Paolillo, 8",Cerignola,,,,,,,,,,,
Rosalba Balestra,Centro estetico,https://www.rosalbabalestra.it/,0885 330636,"Vicolo Salento, 17",Cerignola,,,https,Angular,No,Aruba S.p.A.,56,80,92.00,Sì,No
Spazio Estetica Cerignola,Centro estetico,http://www.spazioestetica.it/cerignola,392 651 8030,"Viale di Levante, 121",Cerignola,,cerignola@spazioestetica.it,http,WordPress,Sì,"Cloudflare, Inc.",56,74,85.00,Sì,No
Beauty Star Centro Estetico,Centro estetico,,328 952 0072,"Via Giuseppe Pavoncelli, 22",Cerignola,,,,,,,,,,,
Centro Yoga Cerignola,Centro yoga,,347 381 8133,"Via Scarafone, 17",Cerignola,,,,,,,,,,,
Beauty Clinic di Cannone Maria Cristina,Centro estetico,,339 871 6457,"Via Pisa, 1",Cerignola,,,,,,,,,,,
Unica - Centro di Consulenza Estetica,Centro estetico,,348 825 3358,"Via Luigi Allegato, 94",Manfredonia,,,,,,,,,,,
SISU Centro Estetico di Margherita Potito,Centro estetico,,0884 195 2039,"Via Umberto Giordano, 49",Manfredonia,,,,,,,,,,,
GROTTA DEL SALE MANFREDONIA,Centro benessere medico,,366 256 3911,"Viale Aldo Moro, 41",Manfredonia,,,,,,,,,,,
Piá Beauty Boutique,Centro estetico,https://www.piabeautyboutique.com/,0885 852842,"Piazza Giacomo Matteotti, 1a",Cerignola,,Servizioclienti@couturesalon.it,https,ItaliaOnline,No,Amazon Technologies Inc.,39,48,85.00,Stato Non Determinato,No
Regiohotel Manfredi,Hotel,http://www.regiohotel.it/,0884 530122,"per S. G. Rotondo (Km 12, SP58",Manfredonia,,info@regiohotel.it,http,Shopify,Sì,Server Plan S.r.l.,45,66,100.00,Sì,No
Manipura beauty e relax manfredonia,Centro estetico,,366 458 2439,"Via Scaloria, 147",Manfredonia,,,,,,,,,,,
Afrodite Centro Estetico,Centro estetico,,346 771 2589,"Via Arpi, 5",Manfredonia,,,,,,,,,,,
Peppe Zullo,Ristorante italiano,http://www.peppezullo.it/,0881 964763,Via Piano Paradiso,Orsara di Puglia,,,http,WordPress,No,OVH ISP,42,68,92.00,Stato Non Determinato,No
Centro olistico Suvaran Tara,Centro yoga,https://olisticasuvarantara.wordpress.com/,349 260 0100,"Corso Aldo Moro, 127",Cerignola,,,https,WordPress,No,"Automattic, Inc",56,98,100.00,Sì,No
Centro Bellezza e Benessere di Mazzamurro Rosa,Centro estetico,,0884 511598,"Viale dell'Arcangelo, 46",Manfredonia,,,,,,,,,,,
Medicina Estetica Dr. Elena Ricci Barbini a Manfredonia Foggia,Centro benessere medico,https://medesteticriccibarbini.com/,350 579 6822,"Via Gargano, 67/B",Manfredonia,,,https,Shopify,No,"DigitalOcean, LLC",66,87,92.00,Sì,No
Iaconeta Parrucchieri - Centro Estetico,Centro benessere,https://www.gfiaconetaparrucchieri.it/,0884 587422,"Via S. Giovanni Bosco, 19",Manfredonia,,gf.centroestetico@libero.it,https,React,Sì,Aruba S.p.A. Network,61,74,100.00,Sì,No
A Silvia,Centro estetico,,379 197 3344,"Via della Croce, 73/NB",Manfredonia,,,,,,,,,,,
Arte Bellezza Di D Errico Emilia,Centro estetico,,0884 661964,"Via della Croce, 2",Manfredonia,,,,,,,,,,,
Padma yoga e benessere Manfredonia,Centro yoga,,366 257 7768,"Via S. Lorenzo, 98",Manfredonia,,,,,,,,,,,
Teresa Calabrese Estro e bellezza,Centro estetico,,0884 585255,Via U. Foscolo,Manfredonia,,,,,,,,,,,
La Perla del Benessere,Centro estetico,http://www.perladelbenessere.it/,328 532 2766,"Via Vincenzo Mele, 16",San Vito dei Normanni,,episilvia@libero.it,http,WordPress,No,"Amazon.com, Inc.",55,64,91.00,Sì,No
Gaudium la Porta del Benessere,Centro benessere,,391 415 2037,"Via G. Oberdan, 64",San Vito dei Normanni,,,,,,,,,,,
Centro Estetico Marinella,Centro estetico,,0884 513232,"Via Gargano, 103",Manfredonia,,,,,,,,,,,
Dermamente di Rosalba Bissanti,Centro estetico,https://www.dermamente.it/centro-dermamente-manfredonia/,368 2536 1255,"Via Gargano, 176",Manfredonia,,info@dermamente.it,https,Shopify,No,Aruba S.p.A. Network,56,77,85.00,Sì,No
Manfredonia Jacuzzi,Alloggi al coperto,http://manfredoniajacuzzi.com/?utm_source=gmb&utm_medium=referral,329 964 2049,"Via Monte Barone, 9",Manfredonia,,,http,Altro,No,Google LLC,100,100,80.00,No - Pagina Non Trovata (404),No
Miriam Istituto di Bellezza,Centro estetico,,0884 937277,"Via Pulsano, 82",Manfredonia,,,,,,,,,,,
Malucri Resort,Hotel,http://www.malucri.it/,0882 833850,Corso del Popolo,Borgo Celano,,info@malucri.it,http,WordPress,No,Hostinger International Limited,57,63,92.00,Sì,No
La Beaute' Di De Conno Annunziata,Centro estetico,,0824 984421,"Via Rovagnera, 44",San Marco dei Cavoti,,,,,,,,,,,
Fonte del Benessere Resort,Albergo benessere,http://www.fontedelbenessereresort.it/,0865 936258,"Via Santuario, 21",Castelpetroso,,info@fontedelbenessereresort.it,http,ASP.NET,No,Serverplan s.r.l.,50,50,92.00,Sì,No
La vie en Rose Academy di Alessia Cacciatore,Centro estetico,https://lavieenroseacademy.it/,345 018 9013,"Viale Avv. Vincenzo Scarano, 77",Lucera,,,https,Shopify,Sì,"Cloudflare, Inc.",59,92,92.00,Sì,No
Estetica Genny Di Apicella Genoveffa,Centro estetico,,0881 522060,Via Alfonso La Cava,Lucera,,,,,,,,,,,
Estetista De Fantis Maria Rosaria,Centro estetico,,0881 520986,"Palazzo Follieri, Via S. Domenico, 105",Lucera,,,,,,,,,,,
Luana Di Carlo Sun & Beauty,Centro abbronzatura,,0881 196 0028,"Via D'Amely, 18",Lucera,,,,,,,,,,,
Estetyc di Calmo Alessia,Centro estetico,,327 546 6748,"Via Ettore Cavalli, 16",Lucera,,,,,,,,,,,
La Beautè di Luana Di Carlo Lucera,Centro estetico,,0881 202288,"Via Michele Ardito, 9",Lucera,,,,,,,,,,,
TINTARELLA LUCERA,Centro abbronzatura,http://www.tintarella.it/,0881 522390,"Via Giuseppe Mazzini, 24",Lucera,,,http,React,No,Register.IT S.p.A,77,49,100.00,Sì,No
Ad Maiora,Ristorante,,348 800 7949,Contrada Crocella,Castelnuovo della Daunia,,,,,,,,,,,
Beauty Center di D'Agnello Angela,Centro estetico,https://beautycenterfoggia.it/,0881 206731,"Via Camporeale, Km 1,200",Foggia,,,https,Shopify,No,HOSTINGER DE,86,89,92.00,Sì,No
Beauty Center City,Centro estetico,https://beautycenterfoggia.it/,345 320 9499,"Viale Ignazio d'Addedda, 108",Foggia,,,https,ASP.NET,No,HOSTINGER DE,86,92,92.00,Sì,No
AGORA' CASTELNUOVO DELLA DAUNIA,Bed & Breakfast,http://agora-castelnuovo-della-daunia.com.es/,339 583 0330,"Piazza Plebiscito, 37",Castelnuovo della Daunia,,,http,WordPress,No,arsys.es,56,93,85.00,Stato Non Determinato,No
"Clinica Privata ""Leonardo De Luca"" - Casa di Cura",Ospedale privato,https://www.clinicadeluca.it/,0881 559053,Contrada Poggio Brecciolosa,Castelnuovo della Daunia,,clinicadeluca@libero.it,https,WordPress,Sì,IT.Gate S.p.A.,57,80,92.00,Sì,No
GN Centro di Estetica,Centro estetico,https://gncentrodiestetica.wordpress.com/,320 947 1984,"V.le Michelangelo, 169",Foggia,,,https,WordPress,No,"Automattic, Inc",56,81,92.00,Sì,No
La Locanda Del Carrubo,Hotel,https://www.lalocandadelcarrubo.it/,0884 550276,SP53 Km. 4 Località Montelci,Mattinata,,info@lalocandadelcarrubo.it,https,WordPress,Sì,Leaseweb Deutschland GmbH,56,85,77.00,Sì,No
Estetica Sunflower,Centro estetico,,388 956 0748,"Via Giantommaso Giordani, 15",Mattinata,,,,,,,,,,,
Villaggio San Matteo Resort Club - Villaggio turistico 4 stelle,Hotel Resort,https://www.villaggiosanmatteo.it/,0884 550856,"Contrada Torre del Porto, Strada della Difesa",Mattinata,,info@villaggiosanmatteo.it,https,WordPress,Sì,OVH SAS,0,41,92.00,Sì,No
Camping Village Degli Ulivi,Parco vacanze,https://www.villagedegliulivi.it/,0884 550000,Contrada Liberatore,Mattinata,,info@villagedegliulivi.it,https,React,No,Aruba S.p.A.,60,69,85.00,Sì,No
Hotel Residence Torre del Porto,Hotel,https://www.torredelporto.it/,342 010 7339,Contrada Funni,Mattinata,,info@torredelporto.it,https,MODX,Sì,Semplify Srl,20,59,100.00,Sì,No
La Casa e il Mare Private Bay Hotel,Hotel,http://www.lac