Nome Attività,Categoria,Sito Web,Telefono,Indirizzo,Comune,Provincia,Email,Protocollo,Tecnologia,Cookie Banner,Hosting Provider,Mobile Performance,Desktop Performance,Punteggio SEO,Disponibilità Sito,Stato Manutenzione
Black Floyd Tattoo Studio,Studio di tatuaggi,,348 258 6424,"Via XXV Aprile, 4",Apricena,,,,,,,,,,,
Wonderland tattoo studio,Studio di tatuaggi,,327 323 3709,"Via Indipendenza, n.40/a",Lucera,,,,,,,,,,,
Ink Road Tattoo,Studio di tatuaggi,,327 253 7482,Via Vittorio Veneto,Apricena,,,,,,,,,,,
ANANDA INK Tattoo e Piercing,Studio di tatuaggi,,320 082 5158,"Via Madonna di Fatima, 3",San Nicandro Garganico,,,,,,,,,,,
IDA TATTOO STUDIO di Ida Ricotta,Studio di tatuaggi,,338 745 4075,"Via Aquilonare, 36",Foggia,,,,,,,,,,,
Antipop Tattoo,Studio di tatuaggi,,393 659 2311,"Piazza Padre Pio, 58",Foggia,,,,,,,,,,,
Luigi Favilla - Officina Electric Tattoo,Studio di tatuaggi,,328 363 8978,"Via Appulo Sannitica, 36",Lucera,,,,,,,,,,,
ARCHETIPO di Ferdinando Franco,Negozio,,339 171 7571,"Corso Vittorio Emanuele, 77",Bovino,,,,,,,,,,,
OFFICINA LUX TATTOO LAB,Studio di tatuaggi,,388 190 3188,"Via Antonio Regina, n. 3",Foggia,,,,,,,,,,,
alextattoo,Studio di tatuaggi,,0882 423648,"Via Giovan Battista Oliva, 33",San Severo,,,,,,,,,,,
D.M.TATTOO- De Mita COMPANY,Studio di tatuaggi,,379 241 8142,Via Federico II,Lucera,,,,,,,,,,,
Anima tattoo club,Studio di tatuaggi,,380 157 2029,"Corso Giuseppe Garibaldi, 88",Foggia,,,,,,,,,,,
Tatuaggi - Piercing - Abbigliamento e Accessori Bikers,Studio di tatuaggi,,0884 661039,"Largo dell'Euforbie, 15",Manfredonia,,,,,,,,,,,
InkDream Tattoo Studio,Studio di tatuaggi,,334 712 3091,"Via 24 Maggio, 70",San Marco in Lamis,,,,,,,,,,,
Lordtattoo studio,Studio di tatuaggi,,329 576 5393,"bed breakfast villa lux, Via contrada pozzo cavo strada 6, n 23 c/o",San Giovanni Rotondo,,,,,,,,,,,
PET'S HOUSE,Negozio di animali,,339 347 5782,"n, Via Dante Alighieri, 18",Cagnano Varano,,,,,,,,,,,
Art Fusion Parrucchieri,Salone da parrucchiere,,345 846 5079,"Via Montegrappa, 85",Cagnano Varano,,,,,,,,,,,
No Code,Studio di tatuaggi,,0884 662784,"Corso Roma, 202",Manfredonia,,,,,,,,,,,
"ApuliaSalus - Studio di Fisioterapia, Posturologia e tecniche Osteopatiche",Fisioterapista,,320 655 5703,"Via G. Rossini, 17",Cagnano Varano,,,,,,,,,,,
On the skin,Negozio per tatuaggi e piercing,,346 619 1183,Corso Re Umberto,Vico del Gargano,,,,,,,,,,,
Fotocolor 3 & Ottica Free Vision Di Curatolo,Ottico,,0884 098064,"Via Dante Alighieri, 2",Cagnano Varano,,,,,,,,,,,
Korova Tattoo Studio di Valerio di Bari,Studio di tatuaggi,,348 973 2214,"Via Gargano, 158/B",Manfredonia,,,,,,,,,,,
The Sinners Tattoo,Negozio per tatuaggi e piercing,,327 816 6985,"Via Pozzo Salso, 88",Apricena,,,,,,,,,,,
Foto Glamour Di Federico & Michele Di Cataldo,Studio fotografico,,335 652 8272,"Via Nino Bixio, n4",Cagnano Varano,,,,,,,,,,,
A&M Officine Ortopediche di Annalisa Palumbo,Negozio di calzature ortopediche,,338 754 9131,"Via Montegrappa, 36",Cagnano Varano,,,,,,,,,,,
WClinic Innovative Beauty,Centro estetico,,379 158 6672,"Via delle Grazie, 31",Cagnano Varano,,,,,,,,,,,
Studio Medico Padre Pio,Centro visite,,377 092 4496,"Via Avellino, 24",Cagnano Varano,,,,,,,,,,,
Pippo Tattoo,Negozio per tatuaggi e piercing,,347 522 3373,"Via Arpi, 26",Manfredonia,,,,,,,,,,,
Positive Vibration Tattoo,Studio di tatuaggi,,0836 551407,Viale Nicola Frigino,Aradeo,,,,,,,,,,,
MANA TATTOO •art studio•,Studio di tatuaggi,,380 654 3271,"Via L. Einaudi, 1",Torremaggiore,,,,,,,,,,,
Gangster Tattoo di Simone Vecchigno,Studio di tatuaggi,,389 651 3485,"Via Paolo Borsellino, 17",Canosa di Puglia,,,,,,,,,,,
RG Tattoo Studio,Negozio per tatuaggi e piercing,,334 921 2974,Via Carmicelli,San Severo,,,,,,,,,,,
Smaya Tattoo,Negozio per tatuaggi e piercing,,339 414 9889,"Corso Giuseppe Garibaldi, 36",San Severo,,,,,,,,,,,
Wolbit,Negozio per tatuaggi e piercing,,327 866 7056,"Via Alessandro Minuziano, 58",San Severo,,,,,,,,,,,
REEDA TATTOO,Negozio per tatuaggi e piercing,,329 699 5289,"Via Pietro Nenni, 78",San Severo,,,,,,,,,,,
K180TATTOO,Studio di tatuaggi,,331 393 9958,"Via della Costituente, 177",Torremaggiore,,,,,,,,,,,
Alpha/Omega Tattoo,Studio di tatuaggi,,393 230 2977,"Corso Leone Mucci, 326",San Severo,,,,,,,,,,,
I Templari di Alberona,Bed & Breakfast,http://www.itemplaridialberona.com/,328 549 4720,"Via Ripa, 22",Alberona,,info@itemplaridialberona.com,http,WordPress,No,Aruba S.p.A.,54,44,77.00,Sì,No
"""THE WOLF "" Tattoo&piercing STUDIO",Negozio per tatuaggi e piercing,,334 123 0642,"Via Antonio Baorda, 14/b",San Giovanni Rotondo,,,,,,,,,,,
Dermal Art Tattoo Studio Di Buono Rocco Bari,Studio di tatuaggi,,080 246 4674,"Via Spinazzola, 4",Gravina in Puglia,,,,,,,,,,,
Tarantula Tattoo Studio,Tatuatore,,338 708 1542,"Piazza S. Luigi, 1",Accadia,,,,,,,,,,,
Aeternus Tattoo Studio Tatuaggio artistico Taranto,Studio di tatuaggi,,388 853 8849,"Corso Umberto I, 141",Crispiano,,,,,,,,,,,
Lady Blue Diamond,Studio di tatuaggi,,347 652 4133,"Via Cardito, 101",Ariano Irpino,,,,,,,,,,,
Kristian Blackout,Tatuatore,,389 428 8089,"Via Francesco Flammia, 10",Grottaminarda,,,,,,,,,,,
JJ Tattooer,Studio di tatuaggi,,350 095 5302,"Corso Garibaldi, 19",Altavilla Irpina,,,,,,,,,,,
UNDERSKIN-TATTOO STUDIO di Mauro Monopoli,Studio di tatuaggi,,331 595 3413,"Via Moncenisio, 4",Orta Nova,,,,,,,,,,,
Inkheart Tattoo,Negozio per tatuaggi e piercing,,328 683 7326,"Via Palestro, 20",Orta Nova,,,,,,,,,,,
DEATH KISS TATTOO,Studio di tatuaggi,,0881 174 9365,"Via dell'Immacolata, 62",Foggia,,,,,,,,,,,
Waterdrop Tattoo shop,Studio di tatuaggi,,347 004 1701,"Via Vincenzo Dattoli, 32 bis",Foggia,,,,,,,,,,,
Bombo Tattoo Studio,Studio di tatuaggi,,366 977 1078,"Via Mario Pagano, 40",Foggia,,,,,,,,,,,
Her_tattooartist,Studio di tatuaggi,,351 955 7712,"Via Giovanni Gentile, 25",Cerignola,,,,,,,,,,,
Endless River Tattoo,Studio di tatuaggi,,389 050 9640,"Viale Giotto, 40",Foggia,,,,,,,,,,,
Demorder Tatuaggi,Studio di tatuaggi,,328 634 0718,"Via Fratelli Rosselli, 45",Cerignola,,,,,,,,,,,
Doom Tattoo Studio,Studio di tatuaggi,,346 716 9269,"Via Don Minzoni, 51",Cerignola,,,,,,,,,,,
Studio Odontoiatrico Netti,Dentista,,0885 330089,"Via Indipendenza, 12",Carapelle,,,,,,,,,,,
LAD L' Artigiano Digitale - Soluzioni Grafiche E Tipografiche,Tipografia digitale,,348 516 0696,"Via Montebello, 60",Carapelle,,,,,,,,,,,
Specchio Tattoo di Roberto Loiudice,Studio di tatuaggi,,349 214 3496,"Viale Angelo Pende, 24",Casamassima,,,,,,,,,,,
Taléa - Gemme di Bellezza,Centro estetico,,351 733 3099,"Via Ordona, 1c",Carapelle,,,,,,,,,,,
Pabla Art Tattoo,Studio di tatuaggi,,320 113 8777,"Via Monte Grappa, 110",Foggia,,,,,,,,,,,
sakura tattoo studio Casarano Lecce,Studio di tatuaggi,http://www.sakuratattoo.net/,328 463 0650,"Via IV Novembre, 16",Casarano,,,http,Joomla,No,Aruba S.p.A.,57,78,92.00,Sì,No
JTS’ Coletta,Studio di tatuaggi,,081 016 9323,"Via Caudio, 43",Casalnuovo di Napoli,,,,,,,,,,,
Studio S.O.F.T. Tattoo di Fabio Torti,Studio di tatuaggi,,081 522 6170,"Via S. Pietro, 25",Casalnuovo di Napoli,,,,,,,,,,,
AmericanBarberTatoo,Barbiere,,351 913 1549,"Viale Giuseppe la Torre, 304",Foggia,,,,,,,,,,,
Marco Cantone tattoo shop,Studio di tatuaggi,,339 625 6449,"Via S. Pietro, n.8",Casalnuovo di Napoli,,,,,,,,,,,
Biomutazione Tattoo,Studio di tatuaggi,,081 869 1525,"Piazza Emmanuele Gianturco, 25",Afragola,,,,,,,,,,,
D2 Tattoo Shop,Negozio per tatuaggi e piercing,,334 240 9043,"Via Roma, 211",Casalnuovo di Napoli,,,,,,,,,,,
L'Inkiostraio Tattoo Studio,Studio di tatuaggi,,331 477 3728,"Via Savoia, 8",Galatone,,,,,,,,,,,
Studio Medico Associato Dott. Chir. Nicola D'Apolito,Medico di famiglia,,0884 80480,"Via Giardinetto, 22",Cagnano Varano,,,,,,,,,,,
Tribalia Tattoo a.p.s.,Negozio per tatuaggi e piercing,https://tribalia.wixsite.com/associazione,346 319 7313,"Via Conduttiello, 2",Grottaminarda,,605a7baede844d278b89dc95ae0a9123@sentry-next.wixpress.com,https,Plone,No,Google LLC,45,92,100.00,Sì,No
Nanuk Tattoo Studio,Studio di tatuaggi,http://www.nanuk.tattoo/,349 331 0057,"Via Ettore Fieramosca, 49a",Bari,,info@nanuk.tattoo,http,Angular,No,Aruba S.p.A. Network,47,50,100.00,Sì,No
Studio Tattoo Cosmo,Negozio per tatuaggi e piercing,,393 428 5189,"Via Vittorio Emanuele III', n161",Frattamaggiore,,,,,,,,,,,
Agostino Ferraiuolo Tattoo Store,Studio di tatuaggi,,392 395 8797,"Via Antonio Locatelli, 23/25",Casavatore,,,,,,,,,,,
Black & White,Pizzeria,,334 881 9080,"124 126, Corso Vittorio Emanuele II",Ascoli Satriano,,,,,,,,,,,
Beauty and the Beast tattoo & nails,Negozio per tatuaggi e piercing,,380 867 1960,Via degli Ulivi,Lavello,,,,,,,,,,,
Alex Tattoo,Studio di tatuaggi,,349 457 4194,"Via Benedetto Cairoli, 5",Lecce,,,,,,,,,,,
Sketch’n Ink Tattoo studio di Marco Felline,Studio di tatuaggi,,320 213 7058,"Viale Japigia, 11/a",Lecce,,,,,,,,,,,
Tattoo studio da stanislao,Studio di tatuaggi,,339 819 8174,"Largo Castello, 9",Lequile,,,,,,,,,,,
Kuro Tattoo,Studio di tatuaggi,,327 085 5127,"Viale Giuseppe Grassi, 27a",Lecce,,,,,,,,,,,
MANCHADEARTE TATTOO STUDIO,Studio di tatuaggi,,338 890 1918,"Via Corsica, 105",Muro Leccese,,,,,,,,,,,
ELECTRIC INK - TATTOO SHOP,Studio di tatuaggi,https://www.electricinktattoo.it/,379 175 8881,"Via Pantelleria, 4",Canosa di Puglia,,electricink4@gmail.com,https,React,No,Aruba S.p.A. Network,65,82,92.00,Sì,No
body and soul tattoo,Studio di tatuaggi,,333 798 1461,"Via Nicola Maria Cataldi, 60",Alezio,,,,,,,,,,,
SANDRINA INK TATTOO,Studio di tatuaggi,,380 471 5079,"Via S. Rocco, 64",Leverano,,,,,,,,,,,
BadNeedle Tattoo Shop,Studio di tatuaggi,,328 802 7982,"Via Oronzo Quarta, 95c",Nardò,,,,,,,,,,,
Southside Tattoo Shop di Roberto Sisma,Negozio per tatuaggi e piercing,,340 212 3001,"Via di Casanello, 35",Lecce,,,,,,,,,,,
Hell Diver Tattoo Studio,Studio di tatuaggi,,349 167 6876,"Via Cosimo di Palma, 6a",Lecce,,,,,,,,,,,
Last Call Tattoo,Studio di tatuaggi,,320 852 8109,"Via Lequile, 12M",Lecce,,,,,,,,,,,
Morello Tattoo,Studio di tatuaggi,,329 393 6014,"Via di Leuca, 21",Lecce,,,,,,,,,,,
Hazel Blade Tattoo Handpoke Piercing Studio,Negozio per tatuaggi e piercing,https://hazelbladetattoo.com/,375 645 6500,"Via Cosimo di Palma, 5",Lecce,,hazelbladetattoo@gmail.com,https,Shopify,No,"Cloudflare, Inc.",89,100,100.00,Sì,No
INSANITY INK - Elena Saracino Tattoo,Studio di tatuaggi,,342 001 8956,"Via Eleonora Duse, 10",Veglie,,,,,,,,,,,
Odino tattoo,Tatuatore,,389 268 3905,"Via Taranto, 15",Foggia,,,,,,,,,,,
Skin And Needles Tattoo,Studio di tatuaggi,http://www.skinandneedles.com/,333 106 9488,"Via Sant'Isidoro, 1",Copertino,,,http,React,No,Aruba S.p.A. Network,64,87,91.00,Sì,No
Bull Tattoo & Body Piercing Studio,Negozio per tatuaggi e piercing,http://www.bulltattoo.it/,081 039 0420,"Via dell'Epomeo, 467",Napoli,,bull2000@bulltattoo.it,http,WordPress,No,Aruba S.p.A.,56,91,77.00,Sì,No
Melania Tattooink,Studio di tatuaggi,,328 759 6010,"Via Risorgimento, 1",Palmariggi,,,,,,,,,,,
INKLAM TATTOO STUDIO di Lamanna Fabio,Studio di tatuaggi,,379 278 4029,"Via Fontana Vecchia, 28A",Canosa di Puglia,,,,,,,,,,,
ENIGMA,Ristorante,,388 834 5584,"Via Santa Maria, 76",Castelluccio Valmaggiore,,,,,,,,,,,
Skin Art Tattoo,Studio di tatuaggi,,0832 317394,"Via G. D'Annunzio, 76",Lecce,,,,,,,,,,,
Erario Boccafurni Gregorio,Farmacia,,0881 972512,"Via Salita Borgo, 3",Castelluccio Valmaggiore,,,,,,,,,,,
Inklaire Tattoo Shop | Tatuaggi Lecce e Provincia,Studio di tatuaggi,https://www.inklairetattoo.it/,380 904 7536,"Via Roma, 232",Carmiano,,info@inklairetattoo.it,https,React,No,Google LLC,57,64,85.00,Sì,No
Grillo Tattoo Supply,Negozio per tatuaggi e piercing,http://www.grillotattoosupply.it/,376 004 4949,"Via Vito Petruzzelli, 19/21",Foggia,,,http,Joomla,No,Aruba S.p.A.,56,78,92.00,Sì,Sì
Venditto Maria Antonietta,Tabaccheria,,0881 554390,"Via Cairoli, 55",Celenza Valfortore,,,,,,,,,,,
Maccabrons tattoo and trico,Studio di tatuaggi,http://maccabrons.it/,320 625 5296,"Via Malta, 1",Portocannone,,info@maccabrons.it,http,WordPress,No,Keliweb S.R.L,79,93,92.00,Sì,No
Studio F2 S.D.F. Di Iamele Fano E Gelsi Salvatore,Ottico,,0881 554332,"Via San Francesco, 19",Celenza Valfortore,,,,,,,,,,,
Saints & Sinners,Studio di tatuaggi,,320 441 1942,"Via Sant'Antonio dei Lazzari, 5",Campobasso,,,,,,,,,,,
TATTOO PUB,Bar,,340 863 5485,"Largo dell'Euforbie, 13",Manfredonia,,,,,,,,,,,
Golden Ink Studio,Studio di tatuaggi,,0874 195 6052,"Via Gianleonardo Palombo, 20",Campobasso,,,,,,,,,,,
Stefania tatuaggi,Negozio per tatuaggi e piercing,,0885 427089,"Viale Maria Santissima Ausiliatrice, 110",Cerignola,,,,,,,,,,,
Angela Smisek,Studio di tatuaggi,,340 994 7968,"Via Guglielmo Marconi, 10",Termoli,,,,,,,,,,,
Rudy De Amicis Blood and Milk Tattoo Studio,Studio di tatuaggi,,347 683 9296,"Corso Vittorio Emanuele III, 78/A",Termoli,,,,,,,,,,,
Black Point Tattoo,Studio di tatuaggi,,345 159 9776,"Via Madonna delle Grazie, 12",Termoli,,,,,,,,,,,
Sangue e Lacrime Tattoo,Studio di tatuaggi,https://sangueelacrime.it/,347 418 4010,"Via G. Carducci, 2C",Campomarino,,,https,WordPress,No,Google LLC,68,95,92.00,Sì,No
Black Cat Tattoo by Cinzia Santoro,Negozio per tatuaggi e piercing,,379 174 1096,"Via Benedetto Croce, 10",San Vito dei Normanni,,,,,,,,,,,
TitoTattoo Studio not4every1,Studio di tatuaggi,,393 691 5247,"Via Niccolo Machiavelli, 4",Santeramo In Colle,,,,,,,,,,,
ForeverInk Tattoo,Studio di tatuaggi,,0583 141 0013,"Via Pesciatina, Fraz. San Vito, 697",Lucca,,,,,,,,,,,
Black Realism Tattoo,Studio di tatuaggi,,347 030 5832,"Via Brioni, 2",Altivole,,,,,,,,,,,
Mirko Pugliese Tattoo Atelier - Arte e Tatuaggi - Taranto e Valle D'Itria,Studio di tatuaggi,http://www.mirkopugliese.it/,349 497 7697,"Corso Vitt. Emanuele III, 31",Crispiano,,info@mirkopugliese.it,http,React,Sì,Google LLC,54,66,100.00,Sì,No
Black Matter Tattoo Shop Campobasso,Negozio per tatuaggi e piercing,,335 160 6292,"Via Monte Santo, 38",Campobasso,,,,,,,,,,,
Tattoo V8 | Studio Tatuaggi Termoli,Studio di tatuaggi,,380 344 6702,"Via Nicola Mascilongo, 42",Termoli,,,,,,,,,,,
Gerardo Marchionna Tattoo e Piercing,Studio di tatuaggi,,331 581 8670,"Via Francesco Caracciolo, 43",Cellamare,,,,,,,,,,,
Wild Spirit Tattoo e Piercing,Studio di tatuaggi,http://www.wildspirittattoo.it/,347 534 7344,"Via Annunziata, 42",San Vito dei Normanni,,,http,ASP.NET,No,Aruba S.p.A,98,100,91.00,Sì,No
Yomi Tattoo Studio,Studio di tatuaggi,,366 599 7446,"Via Antonio Altan, 46",San Vito al Tagliamento,,,,,,,,,,,
Tatuaggificio di Saverio Damiani,Studio di tatuaggi,,347 640 1223,"Via S. Lioce, 19",Bari,,,,,,,,,,,
Saverio Schingaro Tattoo Shop,Studio di tatuaggi,,340 563 5642,"Via Marchese di Montrone, 104",Bari,,,,,,,,,,,
Silver Angel Tattoo Studio di Calafiore Vincenzo,Studio di tatuaggi,http://www.vincenzocalafioretattoo.it/,340 726 7089,"Piazza 4 Novembre, 19",San Vito al Tagliamento,,info@vincenzocalafioretattoo.it,http,Joomla,No,Hetzner Online GmbH,47,42,92.00,Sì,No
ATMA TATTOO di Antonio Luppolo,Studio di tatuaggi,,324 569 8381,"Via Attilio di Napoli, 35",Melfi,,,,,,,,,,,
Centro di Estetica di di Nunno Paola,Centro estetico,,0881 969030,"Via C. di Taranto, 1",Deliceto,,,,,,,,,,,
Amedeo Dott Chinni Parafarmacia Alkimia Amedeo,Farmacia,,0881 963385,"Vico I Corso Umberto, 74",Deliceto,,,,,,,,,,,
Scapicchio Barbershop,Barbiere,,393 451 0133,"Corso Margherita, 17",Deliceto,,,,,,,,,,,
Loyalty Ink Studio,Studio di tatuaggi,http://loyalty.ink/,342 327 6301,"Via Dante, 23",Termoli,,,http,Shopify,No,"Cloudflare, Inc.",45,49,100.00,Sì,No
Artevibrante Tattoo Studio & Art Gallery,Studio di tatuaggi,,081 1836 4152,"Via Casciaro, 8",Ischia,,,,,,,,,,,
Zeroinklab Tattoo studio,Studio di tatuaggi,,333 142 5779,"Corso Italia, 33",Marano di Napoli,,,,,,,,,,,
tattoobersaglia,Studio di tatuaggi,,324 863 8514,Via Antonio Canova,Ischia di Castro,,,,,,,,,,,
GiavaTattoo,Negozio per tatuaggi e piercing,,349 738 0588,"Via Nicola e Tullio Porcelli, 59",Napoli,,,,,,,,,,,
Anonymous_tattooartist,Tatuatore,,366 477 2660,"Via Arturo Toscanini, 60-82",Caserta,,,,,,,,,,,
Floating Flame,Studio di tatuaggi,,328 242 3673,"Via Attilio Gisotti, 1d",Trani,,,,,,,,,,,
Barone Tattoo Studio,Studio di tatuaggi,,081 586 2162,"Via Giovanni Falcone, 17",Marano di Napoli,,,,,,,,,,,
Old Art Tattoo Studio di Valentino Vitagliano,Studio di tatuaggi,,081 633 5229,"Via Simone Martini, 46",Napoli,,,,,,,,,,,
Studio Tattoo Napoli Filippo Carandente ART,Studio di tatuaggi,,333 766 9255,"Via Campana, 267",Quarto,,,,,,,,,,,
Inked Bastard tattoo studio,Negozio per tatuaggi e piercing,,377 207 3041,"Via per Avetrana, 14",Manduria,,,,,,,,,,,
Luke Rux tattoo studio,Tatuatore,,392 043 9187,"Corso Giannone, 7",Rignano Garganico,,,,,,,,,,,
Atavic Tattoo di Ugo Zuccaro,Studio di tatuaggi,,329 310 5655,"Via Capitano D'Angelo, 23",Rionero in Vulture,,,,,,,,,,,
ziro tattoo,Studio di tatuaggi,,389 423 4979,"Via Melfi, 2",Rapolla,,,,,,,,,,,
Generazione Tattoo,Studio di tatuaggi,,0972 723067,"Via Giacomo Puccini, 24/B",Rionero In Vulture,,,,,,,,,,,
Antonio Moccia Tattoo Studio,Studio di tatuaggi,,331 824 8695,"Via Antonio Gramsci, 40",Frattaminore,,,,,,,,,,,
The Country Tattoo,Negozio per tatuaggi e piercing,,348 304 6310,Via Aldo Moro,Melfi,,,,,,,,,,,
Agon Tattoo SAS,Studio di tatuaggi,,0823 459679,"Via Santa Croce, 53",San Nicola La Strada,,,,,,,,,,,
Sal Vaccaro Tattoo Studio,Studio di tatuaggi,http://www.salvaccarotattoo.it/,348 596 2613,"Via Risorgimento, 84",Napoli,,,http,Angular,No,Aruba S.p.A. Network,23,21,92.00,Sì,No
San Angeles Tattoo,Studio di tatuaggi,,366 101 0544,"Via Giuseppe Mazzini, 13",Sant'Angelo Lodigiano,,,,,,,,,,,
Tattoo Point Studio,Studio di tatuaggi,http://www.tattoopointstudio.com/,081 400690,"Via Chiaia, 82",Napoli,,,http,WordPress,No,"Cloudflare, Inc.",60,76,100.00,Sì,No
Luka's Tattoo Piercing (only for appointment),Negozio per tatuaggi e piercing,,339 333 0911,"Via Pigna 76 NEGOZIO FRONTE STRADA INTERNO PARCO, Traversa Correale",Arenella,,,,,,,,,,,
Santopietro Tattoo Studio,Studio di tatuaggi,,327 420 5271,"Via Vittorio Emanuele, 69",Montemesola,,,,,,,,,,,
Inking Side Tattoo,Studio di tatuaggi,,339 408 3458,"Via Emilio Scaglione, 7",Napoli,,,,,,,,,,,
Chibi Moon Studio Tattoo,Studio di tatuaggi,,348 524 3208,"Viale E. de Amicis, 13",Luserna San Giovanni,,,,,,,,,,,
Mauro Shurz Tattoo,Studio di tatuaggi,,348 325 5958,"Via Renato Martorelli, 54",Torino,,,,,,,,,,,
B&B Giulimà,Bed & Breakfast,http://www.giulima.it/,340 121 2065,"Via A. Pertini, 35",Rocchetta Sant'Antonio,,info@giulima.it,http,WordPress,No,miXus - internetsolutions DE-DUS,43,59,92.00,Sì,No
Tattoo Mexican Family,Studio di tatuaggi,,391 376 7823,"Via Pasquale Tola, 4a",Cagliari,,,,,,,,,,,
TATTOO MADE IN CLA È PIERCING,Tatuatore,,320 801 1130,"Via Michelangelo Buonarroti, 25",Grottaglie,,,,,,,,,,,
Dino Ink Tattoo,Studio di tatuaggi,,328 396 7323,"Viale Rimembranze, 16",Lainate,,,,,,,,,,,
KillCandy Tattoo & Piercing Studio,Studio di tatuaggi,,388 724 9006,"Via del Medico, 7",Volpago del Montello,,,,,,,,,,,
Mastro Tattoo,Studio di tatuaggi,,340 513 6968,"Via Nello Rosselli, 64",Ruvo di Puglia,,,,,,,,,,,
Tps - Tattoo Piercing Supply,Negozio per tatuaggi e piercing,https://www.tattoopiercingsupply.it/tps-lecce/,351 927 5022,"Via delle Anime, 3a",Lecce,,,https,WordPress,No,Aruba S.p.A. Network,93,84,92.00,Sì,No
Vegvisir Tattoo Studio,Studio di tatuaggi,,327 741 0335,"Via Fiore Tenente Colonnello Michele, 24",Ruvo di Puglia,,,,,,,,,,,
Shiva Tattoo Studio Mesagne,Studio di tatuaggi,,340 588 8089,"Via Roma, 44",Mesagne,,,,,,,,,,,
nanArt,Studio di tatuaggi,,333 704 2131,"Via Puglia, 5",Vieste,,,,,,,,,,,
Cacciatori Di Pelle Tattoo Studio,Studio di tatuaggi,http://www.cacciatoridipelle.com/,344 068 9786,"Galleria Tito Livio, 5",Padova,,cacciatoridipelle@gmail.com,http,React,No,Combell NV,77,99,92.00,Sì,No
Luka Tattoo indeleble Ink,Studio di tatuaggi,,340 076 5442,"Piazza VIII Marzo, 9",Mola di Bari,,,,,,,,,,,
Alex de Pase Ursus' Way Tattoo,Studio di tatuaggi,https://www.alexdepasetattoo.com/studi/trieste/,366 719 5701,"Via Valdirivo, 17/a",Trieste,,ursuswaytattoo@gmail.com,https,WordPress,No,OVH SAS,54,82,77.00,Sì,No
Broken Art tattoo studio,Studio di tatuaggi,,380 493 5390,"Via Guido Dorso, 12",Bari,,,,,,,,,,,
Tenerife Tattoo - Ink Vibes - Studio,Studio di tatuaggi,http://www.tattootenerife.com/,+34 675 39 39 76,"C. México, 9",Playa de las Américas,,info@tattootenerife.com,http,WordPress,No,Aruba S.p.A. Network,51,80,77.00,Sì,No
Tattoo Express,Studio di tatuaggi,http://www.taxitattoo.it/,391 313 0613,"Corso IV Novembre, 114b",Torino,,taxitattooshop@gmail.com,http,React,Sì,Google LLC,52,69,100.00,Sì,No
Unbroken Tattoo Bari,Studio di tatuaggi,,334 924 2056,Via Generale Carlo Alberto dalla Chiesa,Bari,,,,,,,,,,,
Sons Of Ink - Tattoo & Piercing,Negozio per tatuaggi e piercing,https://www.sonsofink.it/,0141 235548,"Via XX Settembre, 57",Asti,,sonsofinkasti@gmail.com,https,WordPress,No,Aruba S.p.A.,62,87,100.00,Sì,No
Ink Gallery Studio,Studio di tatuaggi,,351 744 3430,"Corso Trapani, 40",Torino,,,,,,,,,,,
Dermo Ink Studio,Studio di tatuaggi,,353 461 5427,"Via Michele Mitolo, 1",Bari,,,,,,,,,,,
Nadia Art Tattoo,Negozio per tatuaggi e piercing,,389 091 2555,"Via A. Rosmini, 13",Martina Franca,,,,,,,,,,,
One St Tattoo & Piercing,Studio di tatuaggi,,349 094 0659,"Via Giovanni Amendola, 191d",Bari,,,,,,,,,,,
My Deer Tattoo,Studio di tatuaggi,,342 334 5511,"45E rosso, Via Sturla",Genova,,,,,,,,,,,
Lupen Tattoo & Piercing,Negozio per tatuaggi e piercing,,351 818 9638,"Via Roma, 268",Enna,,,,,,,,,,,
Orlando Tattoo e Piercing Studio,Studio di tatuaggi,http://www.orlandotattoo.it/,347 726 2508,"Strada Comunale Carcarone, 8",Taurisano,,orlandotaurisano@gmail.com,http,Shopify,No,Aruba S.p.A. Network,60,85,100.00,Sì,No
Trio Tattoo,Negozio per tatuaggi e piercing,https://www.triotattoo.it/,346 013 2205,"Corso Grosseto, 141/a",Torino,,info@triotattoo.it,https,WordPress,No,Aruba S.p.A.,56,79,92.00,Sì,No
BLACK MAMBA TATTOO,Negozio per tatuaggi e piercing,,328 452 8954,"Vico S. Giuseppe, 6",Calimera,,,,,,,,,,,
maspeltattoostudio,Studio di tatuaggi,,339 624 7778,Via Terra d'Otranto,Copertino,,,,,,,,,,,
Nany Tattoo,Studio di tatuaggi,,0835 197 5276,"Via Nazionale, 19",Matera,,,,,,,,,,,
Mirko Petrachi Tattoo Artist di Petrachi Mirko,Negozio per tatuaggi e piercing,,320 575 7845,"Via V. Gioberti,snc, Via Fratelli Longo, 20",Melendugno,,,,,,,,,,,
Atomic Garden - Tattoo Studio Milano,Studio di tatuaggi,https://atomicgardentattoo.it/,02 9280 9712,"Via Natale Battaglia, 6",Milano,,atomicgardentattoo@gmail.com,https,WordPress,No,"Amazon.com, Inc.",55,73,92.00,Sì,No
Mastro tattoo roma,Studio di tatuaggi,,06 333 0282,"Via Morlupo, 2",Roma,,,,,,,,,,,
Daimana Tattoo And Piercing Studio,Negozio per tatuaggi e piercing,,392 348 2290,"Via Vittorio Emanuele, 194",Supersano,,,,,,,,,,,
Studio Imperial Tattoo & Beauty Palermo Tatuaggi Piercing Trucco Permanente,Studio di tatuaggi,,327 780 9399,"Via Crocifisso, 8",Partinico,,,,,,,,,,,
Ariel Tattoo Studio,Studio di tatuaggi,,338 609 0959,"Via XX Settembre, 1",Garbagnate Milanese,,,,,,,,,,,
Spyke Tattoo collective,Studio di tatuaggi,,+30 693 644 2000,Protogeni,Ialysos,,,,,,,,,,,
Inkthuvi tattoos,Negozio per tatuaggi e piercing,,+91 90667 92040,"336, 22nd Cross Rd","Bengaluru, Bangalore",,,,,,,,,,,
Dna Tattoo di Daniela Leonzi,Studio di tatuaggi,,340 370 1984,"V.le Alcide de Gasperi, 11",Roseto degli Abruzzi,,,,,,,,,,,
Maleventum tattoo shop,Studio di tatuaggi,,349 631 8202,"Via Abbazia, 21",Benevento,,,,,,,,,,,
Trap Tattoo,Studio di tatuaggi,http://www.traptattoo.com/,049 970 5577,"Via Circonvallazione, 12",Piove di Sacco,," info@traptattoo.com",http,WordPress,Sì,Netsons Network,61,79,92.00,Sì,No
Fresh,Ristopub,https://freshapulianplace.com/,347 546 5709,"Via Forno, 32",Peschici,,,https,WordPress,No,Hostinger International Limited,59,77,92.00,Sì,No
Segnali da Inkiostro Tattoo,Studio di tatuaggi,,327 225 9071,"Via Ignazio Silone, 5",Roseto degli Abruzzi,,,,,,,,,,,
𝐕𝐈𝐊𝐈𝐍𝐆𝐒 𝐓𝐀𝐓𝐓𝐎𝐎 𝐑𝐇𝐎𝐃𝐄𝐒,Negozio per tatuaggi e piercing,https://vikingstattoorhodes.com/,+30 698 568 8309,Geor. Papanikolaou 27,Rhodes,,deok@vikingstattoorhodes.com,https,React,No,One.com A/S,32,66,85.00,Sì,No
Studio di Consulenza Fiscale e Tributaria dott. Raffaele Penna,Commercialista abilitato all'esercizio della professione,http://www.studiopenna.it/,0881 555075,"Via Torella, 8",Pietramontecorvino,,,http,WordPress,No,Aruba S.p.A. Network,81,97,92.00,Sì,Sì
The Lost Tattoo,Studio di tatuaggi,https://thelosttattoo.com/,+1 226-443-5678,183 George St,Arthur,,rob@thelosttattoo.com,https,Wix,No,wix com inc,74,97,100.00,Sì,No
Marco Talone Tattoo,Tatuatore,,389 946 0906,"Via Filippo Corridoni, 155",San Cesareo,,,,,,,,,,,
Monica’s Piercing,Negozio di piercing,,080 408 6466,"Corso Vittorio Emanuele, 23",Triggianello,,,,,,,,,,,
Sgarj Tattoo,Studio di tatuaggi,,366 206 3040,"Via Raffaele Lanzara, 4",Salerno,,,,,,,,,,,
Radici Tribali tattoo piercing,Studio di tatuaggi,,333 146 0936,"Vicolo I Vaglio, 36",Andria,,,,,,,,,,,
Tabaccheria Mike di Iagulli Francesca,Tabaccheria,,0885 431471,"PIAZZA DELLA REPUBBLICA, 9",Stornara,,,,,,,,,,,
Mr.Painless Tattoo Rhodes,Studio di tatuaggi,https://mrpainless.com/,+30 2241 403330,Str. Griva 23,Rhodes,,info@mrpainless.com,https,WordPress,Sì,Hetzner Online GmbH,38,59,92.00,Sì,No
Tattoo studio 14,Negozio per tatuaggi e piercing,,366 145 3923,Via Caudina,Sant'Agata de' Goti,,,,,,,,,,,
Street art caffè,Lounge,,328 339 5570,"Via sold, Via Tenente Maggiore Vincenzo, 1",Stornara,,,,,,,,,,,
Arte & immagine I Parrucchieri,Parrucchiere,,329 419 5144,"Via felice Cavallotti, 4",Stornara,,,,,,,,,,,
The Hangover Drink & Food,Pub,,351 277 9381,"Piazza repubblica, 7",Stornara,,,,,,,,,,,
Cartoonito,Cartoleria,,380 372 3878,Via Roma,Stornara,,,,,,,,,,,
Tan.Nico Stornara,Bistrò,,333 351 7967,"Via Settembrini, 19",Stornara,,,,,,,,,,,
Coiffeur Rosa,Parrucchiere,,380 755 7931,Via Roma,Zapponeta,,,,,,,,,,,
Farmacia Dr. Garofalo,Farmacia,,0884 529066,"Corso Manfredonia, 20",Zapponeta,,,,,,,,,,,
Chiesa San Michele Arcangelo,Chiesa cattolica,,0884 520275,Piazza Aldo Moro,Zapponeta,,,,,,,,,,,
E C't' Meng!,Ristorante,,333 659 1300,"Via Antonio Montinaro, 42/44",Zapponeta,,,,,,,,,,,
Meeting,Bar,,380 381 0859,"Corso Manfredonia, 16",Zapponeta,,,,,,,,,,,
E C L I P S E TATTOO,Studio di tatuaggi,,+33 6 71 89 68 80,51 Rte de la Serra,Saint-Jeoire,,,,,,,,,,,
Intention Barber- Tattoo Studio,Barbiere,,+351 925 426 888,R. Serra da Estrela 6,Nelas,,,,,,,,,,,
Daniel San Tattoo,Negozio per tatuaggi e piercing,,338 767 7350,"Via Mannucci, 22",Serra de' Conti,,,,,,,,,,,
Ink4Life Tattoo Art Shop,Studio di tatuaggi,,+351 969 626 696,"Rua dos Penedos Gordos 32, Loja B, Serra das Minas",Rio de Mouro,,,,,,,,,,,
Inksane tattoo shop,Studio di tatuaggi,,+351 962 868 059,Estr. Malveira da Serra 9005,Alcabideche,,,,,,,,,,,
Western Union,Servizio di trasferimento di denaro,https://www.westernunion.com/it/it/home.html,0885 431929,"Piazza Giacomo Matteotti, 13",Stornara,,,https,ASP.NET,No,"Akamai Technologies, Inc.",36,57,85.00,Sì,No
Lavanderia self service Speed Queen,Lavanderia automatica,https://speedqueeninvestor.com/our-laundry-stores/locations/italy/stornara/lavanderia-self-service-speed-queen/138801,329 973 1144,"Via Regina Margherita, 46",Stornara,,,https,WordPress,No,Sucuri,43,51,85.00,Sì,No
El Estudio Tattoo,Studio di tatuaggi,,+34 936 27 41 56,"Passatge de Valeri Serra, 10",Barcelona,,,,,,,,,,,
Farmacia Simone Dott.ssa Chiara,Farmacia,,0885 437042,"Vico D'Annunzio, 9",Stornarella,,,,,,,,,,,
Attoma Palma,Tabaccheria,,0884 520221,"Corso Manfredonia, 25",Zapponeta,,,,,,,,,,,
Studio Ottico Guerrieri Gerardo,Ottico,,0885 432523,"Via Giacomo Puccini, 5",Stornarella,,,,,,,,,,,
Circa Tattoo Barcelona,Studio di tatuaggi,https://www.circatattoo.com/,+34 640 15 60 93,"Carrer del Taquígraf Serra, 4",Barcelona,,circatattoobcn@gmail.com,https,Shopify,No,Dattatec.com,79,95,100.00,Sì,No
Nirvana Wild Tiki Bar,Stabilimento balneare,https://www.nirvanabeachclub.it/cocktail-bar/,328 732 0182,"Via Nettuno, SN",Zapponeta,,info@nirvanapuglia.it,https,WordPress,No,Server Plan S.r.l.,61,84,92.00,Sì,Sì
Fire Horse,Studio di tatuaggi,,+34 972 77 12 50,"Carrer del Pintor Enric Serra, 28",L'Escala,,,,,,,,,,,
Stornara life aps,Associazione artistica,http://www.stornaralife.it/,334 188 1488,"Via Ettore Fieramosca, 6",Stornara,,stornaralife@gmail.com,http,Sitefinity,No,Amazon Technologies Inc.,27,56,100.00,Sì,Sì
Jack Tattoo Capurso,Studio di tatuaggi,,345 041 5296,"Via Gennaro Venisti, 81",Capurso,,,,,,,,,,,
Squiggle Tattoo Studio,Negozio per tatuaggi e piercing,,331 756 3010,"Via Epifania Federico, 80",Capurso,,,,,,,,,,,
Pamore Tattoo Studio,Studio di tatuaggi,,351 552 4514,"Via Ognissanti, 42D",Capurso,,,,,,,,,,,
In Chiostro - Tattoo Studio,Tatuatore,,339 374 0536,"Via Don Cesare Franco, 6R",Acquaviva delle Fonti,,,,,,,,,,,
A.S.D. BODY LIFE,Palestra,,329 225 2629,"Via Pietro Micca, 43",Stornarella,,,,,,,,,,,
Noir Estetica,Centro estetico,,371 380 6418,"Via Madonna della Libera, 33",Vieste,,,,,,,,,,,
Marilú tattoo,Tatuatore,,388 304 3411,Via Lazzaro Spallanzani,Acquaviva delle Fonti,,,,,,,,,,,
Van Thomas Tattoo Studio,Tatuatore,,340 212 9185,"Via Trento, 8",Acquaviva delle Fonti,,,,,,,,,,,
DG ink Studio Tattoo e Piercing,Studio di tatuaggi,,346 084 6900,"Via Domiziana, 545",Castel Volturno,,,,,,,,,,,
The Black Raven Tattoo,Studio di tatuaggi,,392 332 5436,"Via Taranto, 6/a",Altamura,,,,,,,,,,,
LIERRE NOIR 17,Studio di tatuaggi,,345 288 1722,"Via Francesco de Pinedo, 30",Altamura,,,,,,,,,,,
Black Mamba Altamura Tattoo,Negozio per tatuaggi e piercing,,338 149 3116,"Via dei Mille, 84",Altamura,,,,,,,,,,,
Bleedin' Ink Tattoo Studio,Negozio per tatuaggi e piercing,,351 687 1227,"Via Santa Croce, 5",Altamura,,,,,,,,,,,
magorium tattoo studio,Negozio per tatuaggi e piercing,,324 544 6860,"Via Altamura, 2/A",Roma,,,,,,,,,,,
GRANNY TATTOO STUDIO di Annarosa Damone,Studio di tatuaggi,,392 685 0097,"Via Maddalena, 51",Bitetto,,,,,,,,,,,
wildcattattoo,Negozio per tatuaggi e piercing,,080 629434,"Corso Vittorio Emanuele, 44",Palo del Colle,,,,,,,,,,,
Black Swan Tattoo & Atelier,Studio di tatuaggi,,375 521 5663,"Via Antonio Lucarelli, 9a",Bari,,,,,,,,,,,
Caterina Moramarco Dermopigmentista,Studio di tatuaggi,https://caterinamoramarco.it/,338 932 5949,"Via Caduti delle Foibe, 24/Int. 7",Altamura,,,https,React,No,Hetzner Online GmbH,56,57,92.00,Sì,No
Scream Tattoo Ink,Negozio per tatuaggi e piercing,https://www.screamtattooink.it/,327 499 5620,"Via Antonio Canova, 6",Altamura,,screamtatoo@libero.it,https,Angular,No,SEEWEB s.r.l.,97,32,100.00,Sì,No
Grass Bad Tattoo,Studio di tatuaggi,,391 160 0712,"Via Gaetano Devitofrancesco, 55",Bari,,,,,,,,,,,
Love ink tattoo,Studio di tatuaggi,,327 748 0440,"Via Ettore Carafa, 43",Bari,,,,,,,,,,,
Debrart Tattoos,Studio di tatuaggi,https://www.debrartattoos.com/,333 564 9333,"Via G, Via G. Posca, 29",Bari,,info@debrartattoos.com,https,Joomla,Sì,Aruba S.p.A.,44,61,85.00,Sì,No
Ink Project 29,Tatuatore,https://inkproject29.it/,377 365 8322,"Viale Vittorio Veneto, 29",Palo del Colle,,inkproject29@gmail.com,https,Joomla,Sì,Netsons s.r.l.,64,95,100.00,Sì,No
Body Art Studio Atipiko,Negozio per tatuaggi e piercing,,347 610 5163,"Via Enrico Toti, 15/E",Bari,,,,,,,,,,,
Anthony Tattoo Art di Vitantonio Mariani,Negozio per tatuaggi e piercing,,368 577 401,"Vico 2° di, Via Conella, A",Adelfia,,,,,,,,,,,
Skin Project Tattoo Studio,Studio di tatuaggi,,080 332 3536,"Via Alessandro Maria Calefati, 275",Bari,,,,,,,,,,,
Daniele Stella Tattoo Shop,Studio di tatuaggi,https://www.danielestellatattoo.com/,380 909 7709,"Via Benedetto Cairoli, 121/123",Bari,,info@danielestellatattoo.com,https,WordPress,Sì,Aruba S.p.A,56,61,100.00,Sì,No
Gold Ink - Tattoo & Piercing,Studio di tatuaggi,,371 441 9965,"Corso Umberto I, 29/A",Bari,,,,,,,,,,,
Boutique Oltre di Misciagna Laura & C. Sas,Boutique,,080 783 5091,"Via Grumo, 10",Binetto,,,,,,,,,,,
Wild Cat Tattoo Studio,Negozio per tatuaggi e piercing,,080 698 7576,"Corso Cavour, 146",Bari,,,,,,,,,,,
Pleasure Studio Tattoo,Studio di tatuaggi,,080 568 1113,"Viale Papa Pio XII, 40",Bari,,,,,,,,,,,
Estudio III Tattoo,Studio di tatuaggi,https://booksy.com/es-es/68122_estudio-3_tatuajes_36353_acequilla,+34 949 04 93 83,"Av. de Guadalajara, 4",Azuqueca de Henares,,,https,React,No,Google LLC,31,35,100.00,Sì,Sì
Macko Tattoo Shops Bari,Studio di tatuaggi,http://www.macko.tattoo/,392 610 9994,"Via de Rossi, 9",Bari,,novara@macko.tattoo,http,WordPress,No,Armada WAN2,51,65,100.00,Sì,No
Ale Tattoo,Studio di tatuaggi,,340 351 5539,"Via Montrone, 96",Valenzano,,,,,,,,,,,
naglieri tattoo studio,Artista,,393 205 4334,"Via Giuseppe Verdi, 3",Bitonto,,,,,,,,,,,
NOOK tattoo,Studio di tatuaggi,,080 918 6256,"Via Emanuele De Deo, 10",Bari,,,,,,,,,,,
Nico Catucci tattoo shop,Studio di tatuaggi,,339 201 2755,"Via Raffaele Comes, 19",Bitonto,,,,,,,,,,,
Vision of Light | Tattoo,Studio di tatuaggi,,338 470 8952,"Via Guglielmo Marconi, 20",Castellana Grotte,,,,,,,,,,,
Tatuaggeria,Studio di tatuaggi,,388 150 3261,"Via della Resistenza, 127/b",Castellana Grotte,,,,,,,,,,,
Pink tattoo&piercing,Studio di tatuaggi,,333 918 2419,"Piazza Saverio de Bellis, 1/A",Castellana Grotte,,,,,,,,,,,
Ink Yuma Tattoo Gió D'abramo,Negozio per tatuaggi e piercing,,350 075 1927,"Via Cimarosa, 8",Corato,,,,,,,,,,,
Giuseppe Buzzerio Tattoo,Tatuatore,,347 720 8391,"Via Cesare Pavese, 31",Cassano delle Murge,,,,,,,,,,,
DeepInk,Studio di tatuaggi,,388 374 1295,Piazza Giuseppe Garibaldi,Cassano delle Murge,,,,,,,,,,,
Rocket Tattoo,Studio di tatuaggi,,333 267 3709,"Via Enrico Dandolo, 26",Corato,,,,,,,,,,,
Kiù Tattoo - Luigi Sgaramella,Studio di tatuaggi,,348 123 6727,"Via IV Novembre, 116",Corato,,,,,,,,,,,
Simone Art Tattoo,Studio di tatuaggi,http://www.simonetattoo.com/,328 914 4406,"Via Indipendenza, 63, Via Indipendenza, 65",Bari,,,http,React,No,WIIT AG,46,43,100.00,Sì,No
OLD INSIDE TATTOO di Francesco Cavaliere,Studio di tatuaggi,,351 656 0978,"Via Regina Margherita, 11",Modugno,,,,,,,,,,,
Pascal Recchia - Dermopigmentazioni,Studio di tatuaggi,,391 704 6702,"Via Generale Ameglio, 51",Corato,,,,,,,,,,,
Grafè TAG,Tatuatore,,329 695 9384,"Via San Domenico, 23",Corato,,,,,,,,,,,
Cry Later Tattoo Shop,Studio di tatuaggi,,333 318 6825,"Via Marchetti, 3",Corato,,,,,,,,,,,
M N M TATTOO SHOP,Studio di tatuaggi,,389 015 7388,"Via Armando Celiberti, 9",Gioia del Colle,,,,,,,,,,,
Ink Master Tattoo,Negozio per tatuaggi e piercing,,388 752 0439,"Via Bari, 80",Giovinazzo,,,,,,,,,,,
Inscripta Tattoo,Studio di tatuaggi,,339 689 4483,"Via Fratelli Bandiera, 2",Conversano,,,,,,,,,,,
Bodysigns Tattoos,Studio di tatuaggi,,333 350 3909,"Via Edmondo de Amicis, 68",Conversano,,,,,,,,,,,
Roby Tattoo,Studio di tatuaggi,,347 483 1478,"Via Speranza, n°51",Gioia del Colle,,,,,,,,,,,
Ginelle tattoo di Carmen Vacca,Negozio per tatuaggi e piercing,,320 818 4797,"Via B Lupis, 4",Giovinazzo,,,,,,,,,,,
Zizzi Art Tattoo,Studio di tatuaggi,,366 502 2507,"Via Madonna della Catena, 45",Locorotondo,,,,,,,,,,,
Tatto di Carlucci Teresa & C. SNC,Negozio di abbigliamento,,080 325 0349,"Via Bari, 60",Gravina in Puglia,,,,,,,,,,,
Boutique Tatto,Negozio di abbigliamento,,080 325 1822,"Corso Canio Musacchio, 60",Gravina in Puglia,,,,,,,,,,,
Sonder Tattoo Parlour,Studio di tatuaggi,,389 663 5066,"Via Castel del Monte, 12",Corato,,,,,,,,,,,
Iron Mallet Tattoo Parlour,Studio di tatuaggi,https://ironmallet.it/,351 629 4913,"vico II Lobello, 4",Corato,,ironmallettattoo@gmail.com,https,ASP.NET,No,Aruba S.p.A.,81,99,75.00,Sì,No
Smoun Tattoo,Negozio per tatuaggi e piercing,,380 299 7408,"Via Bruno Calvani, 9",Mola di Bari,,,,,,,,,,,
Nocerart Tattoo,Artista,,347 601 5423,"Via Fiume, 13",Molfetta,,,,,,,,,,,
Kappacento tattoo art studio,Studio di tatuaggi,,080 798 8837,"Viale Papa Giovanni Paolo II, 97",Molfetta,,,,,,,,,,,
NOIR [tattoo atelier],Studio di tatuaggi,,080 403 7325,"Via Giovanni Mansueto, 3",Noci,,,,,,,,,,,
Federica Gadaleta Luxury PMU,Studio di tatuaggi,,388 778 1357,"Via Trattati di Roma, 7",Molfetta,,,,,,,,,,,
Body Art Tattoo Studio,Studio di tatuaggi,,348 283 2621,"Via Giaquinto, 59",Molfetta,,,,,,,,,,,
ANIMONERO TATTOO STUDIO,Studio di tatuaggi,,348 523 4193,"Via Giovanni Pascoli, 51",Noicattaro,,,,,,,,,,,
Mom Tattoo,Studio di tatuaggi,,348 138 1404,"Via Baccarini, 111",Molfetta,,,,,,,,,,,
FLOW STATE TATTOO,Negozio per tatuaggi e piercing,,338 912 7875,"s.p. 237 per, V. Noci, 6",Putignano,,,,,,,,,,,
Ho-oh Studio,Tatuatore,,366 983 7757,"Via Galileo Galilei, 48",Noci,,,,,,,,,,,
Old times tattoo studio,Studio di tatuaggi,,347 394 0662,"Via Tulipano, 31",Spinazzola,,,,,,,,,,,
Spaccio Tattoo,Negozio per tatuaggi e piercing,,331 846 6777,"Via delle Mura, 64",Triggiano,,,,,,,,,,,
FEMily B&B Grumo Appula Bed and Breakfast,Bed & Breakfast,https://beb.it/femilybeb,349 125 5727,"Via Giacomo Scarola, n. 7",Grumo Appula,,,https,WordPress,No,"Amazon.com, Inc.",70,91,100.00,Sì,No
Loadink Tattoo Store,Studio di tatuaggi,,392 478 5173,"Corso Umberto I, 98/100",Monopoli,,,,,,,,,,,
INKIVERI TATTOO SHOP,Studio di tatuaggi,,334 143 4223,"Via Giuseppe Chiantera, 51",Monopoli,,,,,,,,,,,
Link Tattoo Studio,Studio di tatuaggi,,366 125 8711,"Via Francesco Paolo Affatati, 43d",Monopoli,,,,,,,,,,,
Knockturn Alley Tattoo,Studio di tatuaggi,,392 022 2052,"Via M. Pagano, 20",Ruvo di Puglia,,,,,,,,,,,
Star Tattoo di Isa Mellone,Negozio per tatuaggi e piercing,https://www.isamellone.com/,380 232 3243,"Via Martiri delle Foibe, 27/29",Locorotondo,,info@isamellone.com,https,Shopify,Sì,Aruba S.p.A.,52,42,69.00,Sì,No
Kinatown Tattoo,Studio di tatuaggi,,340 186 8537,"Vico V S. Rocco, 5",Molfetta,,,,,,,,,,,
ANIMANERA TATTOO STUDIO,Studio di tatuaggi,https://www.animaneratattoo.it/,324 772 9944,"Largo Filippo Mazzei, 4",Poggio a Caiano,,,https,Webflow,No,"Amazon.com, Inc.",73,91,100.00,Sì,No
Office Tattoo di Raffaele Macchiusi,Studio di tatuaggi,,348 186 4932,"Viale della Repubblica, 18",Putignano,,,,,,,,,,,
Crossbone Studio Design,Studio di tatuaggi,,340 348 0570,"Via Giovanni Falcone, 18/b",Triggiano,,,,,,,,,,,
Macko Tattoo Academy,Scuola d'arte,https://www.macko.academy/,327 004 4066,"Via Nicola Lagravinese, 50/e",Monopoli,,info@macko.academy,https,Shopify,No,Armada WAN2,54,47,92.00,Sì,No
The Black Tattoo di Valentina Lanera,Studio di tatuaggi,https://theblacktattoo.it/,331 414 8010,"V. Noci, 78",Putignano,,info@theblacktattoo.it,https,WordPress,No,Server Plan S.r.l.,82,99,100.00,Sì,No
Gianpy Mix Tattoo Studio,Studio di tatuaggi,,342 522 0235,"Corso Cairoli, 18",Rutigliano,,,,,,,,,,,
MEDVZA Tattoo Temple,Studio di tatuaggi,,389 468 7109,"Via Noicattaro, 100",Rutigliano,,,,,,,,,,,
Macko Tattoo Shops Monopoli,Studio di tatuaggi,https://www.macko.tattoo/,340 530 1948,"Via Vecchia Ospedale, 57/59",Monopoli,,,https,React,No,Armada WAN2,51,55,100.00,Sì,No
Tricohair Methodology,Studio di tatuaggi,https://tricohair.info/,351 740 9248,"Via Sandro Pertini, 92",Triggiano,,info@tricohairmethodology.it,https,Angular,Sì,Server Plan S.r.l.,25,31,92.00,Sì,No
BelliPoink Tattoo,Studio di tatuaggi,,338 275 6972,"Via Umberto I, 9",Pulsano,,,,,,,,,,,
Gliss | Piercing and Tattoo Studio,Negozio per tatuaggi e piercing,,392 668 3726,"Via E. de Deo, 50/52",Fasano,,,,,,,,,,,
Vale's Tattoo Lizzano,Studio di tatuaggi,,348 641 8391,"Via Toscana, 23",Lizzano,,,,,,,,,,,
Michelle tattoo,Studio di tatuaggi,,351 625 7255,"Via Trieste, 23",Leporano,,,,,,,,,,,
Pasquale Corigliano Tattoo,Studio di tatuaggi,,347 523 9911,"Via Vittorio Emanuele IIº, 95",Pulsano,,,,,,,,,,,
Ruler Tattoo Supply,Negozio per tatuaggi e piercing,http://www.rulersupply.com/,080 504 1728,"Via Salvatore Matarrese, 2",Bari,,info@rulersupply.com,http,ASP.NET,No,Aruba S.p.A. Network,34,60,92.00,Sì,No
Lilith Beauty & Lucifer Ink,Negozio per tatuaggi e piercing,,329 974 5645,"Via Gorizia, n9",Fragagnano,,,,,,,,,,,
Bunker - Tattoo Studio,Studio di tatuaggi,http://www.bunkertattoo.it/,324 789 5508,"Via Luigi Pirandello, 9",Monopoli,,,http,Tumblr,No,"Cloudflare, Inc.",51,73,92.00,Sì,No
Cuorenero,Studio di tatuaggi,,328 111 3332,"Via Edmondo de Amicis, 28A",Roccaforzata,,,,,,,,,,,
In Cold Blood Tattoo Studio,Studio di tatuaggi,,391 426 2483,"Via F. Crispi, 20",Taranto,,,,,,,,,,,
Michael Night Tattoo,Studio di tatuaggi,,375 651 5263,"Via Federico di Palma, 7",Taranto,,,,,,,,,,,
Studio Faggiano,Consulente del lavoro,,0832 331360,"Via Taranto, 92",Lecce,,,,,,,,,,,
Tattoo Ink Peppe Valentini,Studio di tatuaggi,,320 287 1328,"Via Cesare Battisti, 103",Taranto,,,,,,,,,,,
Anima e Corpo - Tattoo Studio,Studio di tatuaggi,,339 863 7265,"Vico Immacolata, n 8",Sava,,,,,,,,,,,
Indelebile Studio Tattoo - Tatuaggi Sava,Studio di tatuaggi,,328 095 6399,"Via G. Mazzini, 1/A",Sava,,,,,,,,,,,
Annalisa Pavone Permanent Make Up Studio,Studio di tatuaggi,,348 743 1075,"Via Sardegna, 50",Rutigliano,,,,,,,,,,,
Inkme Studio Tattoo & Piercing,Negozio per tatuaggi e piercing,http://www.inkmestudiotattoo.it/,366 283 3969,"Via Luigi Cadorna, 18",Monopoli,,,http,React,Sì,Google LLC,7,59,100.00,Sì,No
Springer Tattoo studio di Luigi Blasi,Studio di tatuaggi,https://www.springertattoo.com/,339 267 6491,"P.za Maria Immacolata, 20",Martina Franca,,,https,WordPress,No,SEEWEB s.r.l.,100,93,82.00,Sì,No
AMERICAN MADE TATTOO di Michael Mazzone,Studio di tatuaggi,https://www.michaelmazzonetattoo.com/,340 972 0020,"V.le Grotta della Regina, 27 D",Torre A Mare,,utente@sitoweb.com,https,WordPress,Sì,OVH SAS,56,67,100.00,Sì,No
Sons Of Anarch'Ink,Tatuatore,,346 594 2848,"Via Costantinopoli, 10",Pulsano,,,,,,,,,,,
SKIN DEEP tattoo studio,Negozio per tatuaggi e piercing,,333 359 9601,"Via Alcide de Gasperi, 26",Putignano,,,,,,,,,,,
Tribe Jiu Jitsu Sannicandro,Circolo di arti marziali,,388 811 5032,"Via Martiri di Kindu', 153",Sannicandro di Bari,,,,,,,,,,,
The Monster Tattoo ink,Studio di tatuaggi,,340 248 3473,"Via XX Settembre, 35",Terlizzi,,,,,,,,,,,
La Tatueria,Studio di tatuaggi,,320 282 9262,"Via Raffaele Netti, 12",Santeramo In Colle,,,,,,,,,,,
Zen Brush Tattoo - Tatuaggi e piercing,Negozio,,347 663 9109,"Viale dei Garofani, 28A",Terlizzi,,,,,,,,,,,
ROMANS TATTOO,Studio di tatuaggi,,389 471 9823,Via Vacca Generale Giovanni,Bari,,,,,,,,,,,
Endo Tattoo,Studio di tatuaggi,,392 386 8305,"Viale Gino Priolo, 71",Bari,,,,,,,,,,,
Zenzero Hair Beauty Turi di Lolivo Gianluca,Salone da parrucchiere,,080 645 7833,"Via Conversano, 88/31",Turi,,,,,,,,,,,
Artink Tattoo Studio di Flavio Dispoto,Studio di tatuaggi,,334 832 8866,"Via Don Vitangelo Dattoli, 5",Triggiano,,,,,,,,,,,
Rejeki Tattoo,Negozio per tatuaggi e piercing,,+62 878-5712-7327,"Daren, Lor No.4",Sleman Regency,,,,,,,,,,,
Saint Ink Tattoo Studio,Studio di tatuaggi,,393 521 8430,"3B, 66, Via Aristotile Fioravanti",Bologna,,,,,,,,,,,
Simor katù tattoo shop,Studio di tatuaggi,,333 783 1714,"Via Felice Maritano, A1",Castellaneta,,,,,,,,,,,
Tatuaggi Bloodline Tattoo,Studio di tatuaggi,,328 565 7887,"Via S. Pietro, 13",Manduria,,,,,,,,,,,
Free Art Tattoo,Negozio per tatuaggi e piercing,,351 564 7106,"Via S. Francesco, 35",Castellaneta,,,,,,,,,,,
Xois Tattoo Studio Di Palazzo Maurizio,Studio di tatuaggi,,335 829 3227,"Via Per Uggiano, 83",Manduria,,,,,,,,,,,
No rules tattoo,Negozio per tatuaggi e piercing,,346 317 0625,"Via Fiume, 16",Marina di Ginosa,,,,,,,,,,,
Lotus Noir Tattoo Studio di Pisconti Luana,Studio di tatuaggi,,320 869 0468,"Via Francesco Crispi, N34",Manduria,,,,,,,,,,,
Alchimia tattoo e arte di Pietro Parisi,Studio di tatuaggi,,393 573 2990,"Corso Vittorio Emanuele II, 85",Ginosa,,,,,,,,,,,
Mahalo Tattoo Shop,Studio di tatuaggi,https://www.rosannacafarella.it/,339 494 6434,"Via Per la Massina, 13",Turate,,,https,Svelte,No,Serverplan S.r.l.,63,96,100.00,Sì,No
"Two Tone Tattoo Art di Peppe ""Uepè"" Viggiani",Studio di tatuaggi,,339 380 7248,"Via Pisanelli, 59 / Atrio, Via del Mercato, 34",Castellaneta,,,,,,,,,,,
Dark light tattoo,Negozio per tatuaggi e piercing,,350 156 2424,"Via Santi, 9",San Pancrazio Salentino,,,,,,,,,,,
Oldskulltattoo,Studio di tatuaggi,,393 528 3849,"Via Oria, 7",Erchie,,,,,,,,,,,
Sanity Center di Pesare Lucia Anna,Centro estetico,,347 781 7858,"Via Porticella, 62",Avetrana,,,,,,,,,,,
Dream & Hope,Pub,,347 366 1322,"Via A. De Gasperi, 16",Avetrana,,,,,,,,,,,
Glamour di Nigro Tiziana,Negozio di intimo,,329 692 0400,"Via A. De Gasperi, 67",Avetrana,,,,,,,,,,,
Old Fishermen Tattoo,Studio di tatuaggi,,393 306 7786,"Via Valle D'Itria, 89/91",Martina Franca,,,,,,,,,,,
AreaLoft Tattoo Lab,Negozio per tatuaggi e piercing,,331 317 0350,"Via Damiano Chiesa, 17",Martina Franca,,,,,,,,,,,
WILD INK TATTOO STUDIO di Marco Martello,Studio di tatuaggi,,389 689 7658,"Via Leonida, 6",Martina Franca,,,,,,,,,,,
Il Bunker Delle Torture,Studio di tatuaggi,,389 965 7437,"Via Regina Elena, 19",Grottaglie,,,,,,,,,,,
Ra Tatù,Studio di tatuaggi,,333 359 9086,"Via Serramancone, 18",Martina Franca,,,,,,,,,,,
Arte Style barber Shop,Barbiere,http://www.arte-stile.it/,347 108 9214,"Via C. Schiavoni, 50",Avetrana,,,http,ASP.NET,No,Aruba S.p.A. Network,76,97,82.00,Sì,No
Ligera Ink Tattoo Cinisello Balsamo,Studio di tatuaggi,https://www.ligeraink.it/?utm_source=google&utm_medium=gmb&utm_campaign=c.balsamo,393 849 9770,"Via Abramo Lincoln, 129",Cinisello Balsamo,,info@ligeraink.it,https,Shopify,No,Google LLC,57,90,100.00,Sì,No
Black Blood Ink - tatuaggi Tricopigmentazione Trucco permanente taranto,Studio di tatuaggi,,345 959 3429,"Via G. Maturi, 35",Taranto,,,,,,,,,,,
Lugi Dalu Piercer,Negozio per tatuaggi e piercing,,388 908 1367,"Via Aldo Moro, 15",Grottaglie,,,,,,,,,,,
RinPAE Tattoo,Studio di tatuaggi,,099 981 2980,"Via Zara, 12",Taranto,,,,,,,,,,,
Trico Dermal System Di Anna Teresa Martucci,Clinica di trucco permanente,https://sites.google.com/view/tricodermalsystem,349 841 1284,"Via Luigi Cadorna, 26",Grottaglie,,annateresamartucci@libero.it,https,React,No,Google LLC,56,96,75.00,Sì,No
Niko Rizzo Studios,Parrucchiere,http://nikorizzostudios.com/?utm_source=gmb&utm_medium=referral,347 623 7055,"Via Risorgimento, 44",Carosino,,,http,Squarespace,No,"Squarespace, Inc.",82,98,45.00,Sì,Sì
Tattoo Raven,Studio di tatuaggi,,339 339 8166,"Via Giuseppe de Cesare, 12",Taranto,,,,,,,,,,,
Tendenza Tattoo di Valeria Franchini,Studio di tatuaggi,,339 196 0175,"Via Cesare Battisti, 198",Taranto,,,,,,,,,,,
Camera Lab - studio fotografico di Claudio Ancora,Fotografo,https://www.cameralab.it/,338 566 8809,"Via Roma, 71",Avetrana,,info@cameralab.it,https,ASP.NET,Sì,Hetzner Online GmbH,56,72,92.00,Sì,No
Davide Bertollo tricopigmentazione & tattoo,Tatuatore,,347 083 2639,"Via Carlo Pisacane, 3",Massafra,,,,,,,,,,,
Estró Barber,Parrucchiere,,348 988 7538,"Via Roma, 83",Monteiasi,,,,,,,,,,,
Questioni di Pelle Ink Art di Ilenia Serra,Studio di tatuaggi,,348 643 6144,"Via Guglielmo Marconi, 20",Palagiano,,,,,,,,,,,
Tonio Lenoci TATTOO shop,Studio di tatuaggi,,379 250 1904,"Corso dei Mille, 62",Martina Franca,,,,,,,,,,,
Más Profundo Tattoo Shop,Negozio per tatuaggi e piercing,,346 716 3492,"Via Gustavo Lanza, 9",Taranto,,,,,,,,,,,
Tattoo Wave di Di Luzio Marco e Co Sas,Studio di tatuaggi,,099 946 1196,"a, Via Giuseppe Mazzini, 64",Taranto,,,,,,,,,,,
La Industria INK,Negozio per tatuaggi e piercing,,348 655 1498,"Via Anfiteatro, 108",Taranto,,,,,,,,,,,
Nice Tattoo,Studio di tatuaggi,https://www.nicetattoo.it/,099 696 1786,"Via Lazio, 22 a/b",Taranto,,official@nicetattoo.it,https,WordPress,Sì,Aruba S.p.A.,38,56,100.00,Sì,No
- ANGELS CALZATURE - Agostinacchio Angelo,Negozio di scarpe,,099 886 4292,"Via Umberto I, 19",Mottola,,,,,,,,,,,
Madagascar di Mariateresa,Toelettatura di animali domestici,,346 392 2875,"Via Giosuè Carducci, 3",Palagianello,,,,,,,,,,,
Ottica Dettoli di Dettoli Annamaria,Ottico,,099 849 5292,"Corso Gramsci, 141",Palagianello,,,,,,,,,,,
INK GALLERY,Studio di tatuaggi,,392 213 0585,"Via Lecce, 115",Vernole,,,,,,,,,,,
GM TATTOO & PIERCING,Studio di tatuaggi,,327 199 9932,"Via Lecce, 13",Squinzano,,,,,,,,,,,
TATTOOnz,Studio di tatuaggi,,375 504 0514,"Via Pier Giovanni Rizzo, 7",San Pietro Vernotico,,,,,,,,,,,
Porte & Finestre Sigill-Art,Fornitore di finestre,,348 042 8257,"Via Europa, 22",Mottola,,,,,,,,,,,
Max tattoo,Studio di tatuaggi,,347 781 4030,"Via Emilia, 22",Taranto,,,,,,,,,,,
VIDA LOCA,Studio di tatuaggi,,348 889 5645,"Via Cellino, 99",San Donaci,,,,,,,,,,,
"T&B Tattoo Shop di Max Santoro - Tattoo, Piercing & Dermopigmentazione",Studio di tatuaggi,,347 156 8188,"Via Giovanni XXIII, 5 a",Brindisi,,,,,,,,,,,
Kalós Beutypoint,Centro estetico,,345 404 4455,"Via E. Berlinguer, 41",Cellino San Marco,,,,,,,,,,,
B&B Colori del Salento,Bed & Breakfast,,328 414 8736,"Via Guglielmo Marconi, 14",Cellino San Marco,,,,,,,,,,,
Outline Taranto - Tattoo & Graffiti Shop,Negozio per tatuaggi e piercing,,099 400 0696,"Via F.Cavallotti, 151",Taranto,,,,,,,,,,,
VisionOttica Capone,Ottico,https://www.visionottica.it/centri-ottici/Taranto/2167-visionottica-capone-palagianello-taranto?utm_source=gmb&utm_medium=gmb&utm_campaign=gmb_link_NOMECO,099 641 7069,"Piazza Vittorio Emanuele, 4",Palagianello,,,https,Hugo,No,"Cloudflare, Inc.",56,72,77.00,Sì,No
Studio Piercing Polacca,Negozio per tatuaggi e piercing,,099 400 3079,"Via F.Cavallotti, 47",Taranto,,,,,,,,,,,
Studio Pixel,Stamperia commerciale,http://www.studiopixel.xyz/,328 103 3549,"Via Vittorio Emanuele II, 26",Cellino San Marco,,studiopixel@alice.it,http,React,No,Aruba S.p.A.,75,96,91.00,Sì,No
Cico tattoo studio,Studio di tatuaggi,,333 875 0280,"Via Federico di Palma, 132",Taranto,,,,,,,,,,,
Basement Tattoo Studio,Studio di tatuaggi,,393 315 8974,"Via Taranto, 1",Roma,,,,,,,,,,,
Sailor Ink Tattoo - Studio di tatuaggi e piercing,Studio di tatuaggi,http://www.sailorinktattoo.it/,347 379 3894,"Via Grazia Balsamo, 5/7",Brindisi,,Info@sailorinktattoo.it,http,React,No,Aruba S.p.A.,54,71,92.00,Sì,No
Centro Diagnostico Radiologico San Marco,Centro di diagnostica per immagini,https://www.diagnosticasanmarco.it/,0831 617156,"Largo Regina Margherita, 5",Cellino San Marco,,segreteria@diagnosticasanmarco.it,https,WordPress,Sì,Hetzner Online GmbH,55,75,100.00,Sì,No
Steven Tattoo Artist,Studio di tatuaggi,,327 184 4541,"Via Tenente Ugo Granafei, 20A",Mesagne,,,,,,,,,,,
Beauty Angel Crisalide Di Sciambarruto Angela,Centro estetico,,099 957 3390,"Via le Grazie, 153",Torricella,,,,,,,,,,,
Laboratorio Piercing,Negozio per tatuaggi e piercing,,393 563 5833,"Via Abruzzo, 82",Taranto,,,,,,,,,,,
Ink Soul's,Negozio di fumetti,https://www.inksouls.it/,392 639 8860,"Via Roma, 136",Castellaneta,,info@website.com,https,WordPress,Sì,Netsons Network,47,65,85.00,Sì,No
STUDIO MEDICO SPECIALISTICO M. delle Grazie - Fisioterapia,Ambulatorio medico,,347 114 1853,"Via le Grazie, 56",Torricella,,,,,,,,,,,
STOP smoking and start vaping,Negozio di sigarette elettroniche,,373 511 9919,"Via Tripoli, 20/B",Statte,,,,,,,,,,,
AkD - Tattoo Piercing PMU,Negozio per tatuaggi e piercing,,349 710 3859,"Via Giovanni XXIII, 5",Brindisi,,,,,,,,,,,
CRIPTA Tattoo,Studio di tatuaggi,,389 495 8272,"Vicolo Amena, 7/b",Brindisi,,,,,,,,,,,
Mama Forgive Me Tattoo Ostuni,Studio di tatuaggi,,388 352 3569,Via Cav di Vitt. Veneto,Ostuni,,,,,,,,,,,
Mauro Petri Tattoo Studio,Studio di tatuaggi,https://mauropetritattoo.it/,375 591 9933,"Via Tito Livio, 24",Brindisi,,mauro.petri@libero.it,https,WordPress,No,Hetzner Online GmbH,56,85,85.00,Sì,No
Jaodaber Tattoo Studio,Studio di tatuaggi,,0831 205662,"Via S. Vito, 17",Carovigno,,,,,,,,,,,
"Prink | Cartucce, toner e stampanti – Statte",Negozio di cartucce per stampanti,https://prink.it/statte-1697,099 474 6744,"Via Bainsizza, 26",Statte,,,https,React,No,TransIP BV,62,86,100.00,Sì,No
REBEL ANGEL STUDIO TATTOO di Giusy Menga,Studio di tatuaggi,,388 184 4930,"Largo Don Minzoni, 4",Ceglie Messapica,,,,,,,,,,,
DAN TATTOO STUDIO Ceglie Messapica,Studio di tatuaggi,,379 115 3980,"Corso Giuseppe Garibaldi, 83",Ceglie Messapica,,,,,,,,,,,
Luana Beauty Bar,Studio di tatuaggi,,334 870 1918,"Via Bosi, 73",Fasano,,,,,,,,,,,
toothfairy.it | Tooth Gems Puglia Gliss Piercing and Tattoo Studio,Negozio per tatuaggi e piercing,,366 121 5111,"Via Benedetto Croce, 4",Fasano,,,,,,,,,,,
Tesori d'Oriente Studio Tattoo & Piercing,Tatuatore,,373 711 0467,"Vico 4° Monte, n°80",Ceglie Messapica,,,,,,,,,,,
Sons Of Ink,Studio di tatuaggi,,339 630 2105,"Via Torre Santa Susanna, 148",Oria,,,,,,,,,,,
Black Angel tattoo di Laura Colucci,Studio di tatuaggi,,320 449 2675,"Via S. Francesco di Paola, 59",Fasano,,,,,,,,,,,
Youngsterz Tattoo Shop Oria,Studio di tatuaggi,,392 354 4107,"Via Giacinto D'Oria, 74",Oria,,,,,,,,,,,
Goldeneedles tattoo shop,Studio di tatuaggi,,324 590 4730,"Via Romolo, 102",Brindisi,,,,,,,,,,,
ADRENAL INK - Mesagne (PARIDE URGESE),Studio di tatuaggi,,346 543 8851,"Via Posterla, 26",Mesagne,,,,,,,,,,,
M20INK TATTOO & PIERCING,Tatuatore,,328 686 0144,"Via Papa Giovanni XXIII, N11",Ceglie Messapica,,,,,,,,,,,
Mike 13 Tattoo Studio,Studio di tatuaggi,,342 509 0191,"Via Aldo Moro, 63",Francavilla Fontana,,,,,,,,,,,
BLACK LYNX TATTOO,Studio di tatuaggi,,346 771 3659,"Via Labanchi, 33",Mesagne,,,,,,,,,,,
P-ink Tattoo Ostuni di Michela,Studio di tatuaggi,,351 822 6002,"Via Cav di Vitt. Veneto, 82",Ostuni,,,,,,,,,,,
Rimozione Tatuaggi Ostuni - Dott. Michelangelo Vestita,Servizio di eliminazione di tatuaggi,https://www.rimozionetatuaggi.it/centro/rimozione-tatuaggi-ostuni-brindisi-dott-michelangelo-vestita/,333 441 8342,"Via Dottore Francesco Rodio, 10",Ostuni,,michelangelovestita@gmail.com,https,WordPress,Sì,Serverplan s.r.l.,60,96,100.00,Sì,No
Agnese Solipse tattoo Studio,Negozio per tatuaggi e piercing,,327 124 2437,"Via Manduria, 19",Oria,,,,,,,,,,,
Tattoo Tankhamon,Tatuatore,,327 166 9588,"Via Luigi Cadorna, 13",Torchiarolo,,,,,,,,,,,
Ozon Tattoo,Studio di tatuaggi,,081 1956 4115,"Via Alessandro Manzoni, 216/F",San Giorgio a Cremano,,,,,,,,,,,
Mr. Hills Tattoo Studio,Studio di tatuaggi,,348 008 4050,"Viale Alessandro Volta, 53D",Novara,,,,,,,,,,,
Tatuaggi The Monkey studio,Studio di tatuaggi,,348 430 8856,"Via Alessandro Trevisani, 57",Porto San Giorgio,,,,,,,,,,,
Don't Cry Tattoo Shop,Negozio per tatuaggi e piercing,,081 843 4783,"Via Alessandro Manzoni, 22",Napoli,,,,,,,,,,,
OLTRE tattoo studio,Studio di tatuaggi,,345 428 8307,"Via Alessandro Manzoni, 17",Bresso,,,,,,,,,,,
Fotosintesi Tattoo Art,Studio di tatuaggi,,349 398 5497,"Via Sant'Alessandro, 24",Mariano Comense,,,,,,,,,,,
Andrea colaci bamm tattoo artist,Studio di tatuaggi,,344 245 1704,"Via Pesaro, 76",Castrignano del Capo,,,,,,,,,,,
Satatttvision,Studio di tatuaggi,,02 4953 0720,"Via Alessandro Tadino, 3",Milano,,,,,,,,,,,
Black Dragon Tattoo,Studio di tatuaggi,,349 871 6182,"Via Alessandro Manzoni, 14",Cremona,,,,,,,,,,,
Evelin Tattoo,Studio di tatuaggi,,320 325 0910,"Via Bartolomeo Ravenna, 7",Lecce,,,,,,,,,,,
Tatuaggi piercing Cusano Milanino - 21 club tattoo,Studio di tatuaggi,http://www.21clubtattoo.it/,02 8396 4125,"Via A. Manzoni, 8",Cusano Milanino,,,http,WordPress,No,Aruba S.p.A,45,73,92.00,Sì,No
"""Tiger Rider Tattoo"" by Sgrounch",Studio di tatuaggi,,0832 394706,"Via Giammatteo, 33",Lecce,,,,,,,,,,,
Ante Signum Tattoo Studio,Studio di tatuaggi,,347 403 9674,"Via Alessandro Volta, 52",San Giovanni Lupatoto,,,,,,,,,,,
Blue Mind Tattoo,Negozio per tatuaggi e piercing,,377 386 9123,"Via C. Cattaneo, 34",Presicce-Acquarica,,,,,,,,,,,
Twilight Tattoo,Studio di tatuaggi,http://www.twilighttattoo.it/,338 146 3529,"Galleria Alessandro Manzoni, 28",Pavia,,twilighthome@gmail.com,http,WordPress,No,Google LLC,56,95,92.00,Sì,No
Blumela.Ink Tattoo Studio di Dalila Mele,Studio di tatuaggi,,380 363 0069,"Via Francesco Rubichi, 62",Surbo,,,,,,,,,,,
Ro barber tattoo,Studio di tatuaggi,,324 550 5198,"Via Cesare Battisti, 7",Lecce,,,,,,,,,,,
profondosudtattoos sas,Studio di tatuaggi,,0832 179 2784,"Viale Gallipoli, 1",Lecce,,,,,,,,,,,
All Ink Tattoo Studio,Studio di tatuaggi,,329 065 7416,"Via Rocci Perrella, 89",Alezio,,,,,,,,,,,
Arosa Tattoo Studio,Studio di tatuaggi,,327 658 5896,"Via Ciro Menotti, 26",Tricase,,,,,,,,,,,
VOODOO TATTOO STUDIO,Studio di tatuaggi,,0833 193 4490,"Via Santa Maria di Leuca, 326",Ruffano,,,,,,,,,,,
Effetto Benessere di Marisa Panico,Centro estetico,,320 864 6414,Via Giuseppe Mazzini,Andrano,,,,,,,,,,,
Accoto Retucci Giuseppina,Tabaccheria,,0836 969186,"Via Roma, 12",Andrano,,,,,,,,,,,
Jean&co,Parrucchiere,,327 167 5448,"Via Napoli, 11",Andrano,,,,,,,,,,,
Wave Tattoo Studio,Studio di tatuaggi,,327 972 9269,"Via F. Baracca, 57",Maglie,,,,,,,,,,,
Empire Tattoo 1995,Negozio per tatuaggi e piercing,,328 085 2682,"Via Otranto, 22",Maglie,,,,,,,,,,,
Glam Tattoo di Enea Polimeno,Studio di tatuaggi,,346 367 7832,"Via Santo Stefano, 30",Melpignano,,,,,,,,,,,
Outsider Tattoo Studio,Studio di tatuaggi,,333 811 3766,"Via Piave, 82",Maglie,,,,,,,,,,,
Bull Tattoo,Studio di tatuaggi,,340 338 0302,"Via Concetta Annesi, 25",Maglie,,,,,,,,,,,
Carlito Tattoo studio,Studio di tatuaggi,,351 617 2916,"Via Egidio Grasso, 10",Poggiardo,,,,,,,,,,,
Giampaolo Tattoo (Tattoo Land),Studio di tatuaggi,http://giampaolotattoo.it/,349 861 0012,"Via Caprarica, 12",Cavallino,,info@giampaolotattoo.it,http,React,No,Aruba S.p.A. Network,75,96,91.00,Sì,No
Carmageddon Tattoo Studio,Tatuatore,,380 498 6168,"Via Nizza, 24",Martano,,,,,,,,,,,
INDELEBILE -Tattoo & Piercing,Studio di tatuaggi,,328 227 9992,"Via Catania, 1/h",Bagnolo San Vito,,,,,,,,,,,
Danko Tattoo,Studio di tatuaggi,,327 282 3195,"Viale Giovanni Capreoli, 76",Poggiardo,,,,,,,,,,,
Sublime Tattoo,Negozio per tatuaggi e piercing,https://inkstinct